rank_order,rank,name,scores_overall,scores_overall_rank,scores_teaching,scores_teaching_rank,scores_research,scores_research_rank,scores_citations,scores_citations_rank,scores_industry_income,scores_industry_income_rank,scores_international_outlook,scores_international_outlook_rank,location,stats_number_students,stats_student_staff_ratio,stats_pc_intl_students,stats_female_male_ratio,aliases,subjects_offered,closed,unaccredited,
10,1,1,95.4,10,90.5,6,99.6,1,98.4,26,65.5,178,96.4,22,United Kingdom,"20,665",11.2,41%,46:54:00,University of Oxford,"Accounting & Finance,General Engineering,Communication & Media Studies,Biological Sciences,Art, Performing Arts & Design,Other Health,Mathematics & Statistics,Education,Civil Engineering,Medicine & Dentistry,Politics & International Studies (incl Development Studies),Languages, Literature & Linguistics,Electrical & Electronic Engineering,Physics & Astronomy,Economics & Econometrics,Law,Sociology,Business & Management,Mechanical & Aerospace Engineering,Geography,History, Philosophy & Theology,Computer Science,Chemistry,Chemical Engineering,Psychology,Archaeology,Geology, Environmental, Earth & Marine Sciences",FALSE,FALSE,
20,2,2,94.5,20,92.1,2,97.2,4,97.9,35,88,63,82.5,151,United States,"2,240",6.4,30%,34 : 66,California Institute of Technology caltech,"Languages, Literature & Linguistics,Economics & Econometrics,Civil Engineering,Mathematics & Statistics,General Engineering,Electrical & Electronic Engineering,Geology, Environmental, Earth & Marine Sciences,Computer Science,Politics & International Studies (incl Development Studies),Physics & Astronomy,Chemical Engineering,Business & Management,Biological Sciences,History, Philosophy & Theology,Chemistry,Mechanical & Aerospace Engineering",FALSE,FALSE,
30,3,3,94.4,30,91.4,4,98.7,2,95.8,62,59.3,236,95,37,United Kingdom,"18,980",10.9,37%,47:53:00,University of Cambridge,"Business & Management,General Engineering,Art, Performing Arts & Design,Chemical Engineering,Archaeology,Education,Chemistry,Architecture,Other Health,Veterinary Science,Sociology,Medicine & Dentistry,Mechanical & Aerospace Engineering,Psychology,Languages, Literature & Linguistics,Electrical & Electronic Engineering,Geography,Accounting & Finance,Biological Sciences,Computer Science,Politics & International Studies (incl Development Studies),Economics & Econometrics,Law,Geology, Environmental, Earth & Marine Sciences,History, Philosophy & Theology,Civil Engineering,Physics & Astronomy,Mathematics & Statistics",FALSE,FALSE,
40,4,Stanford University,94.3,40,92.8,1,96.4,5,99.9,9,66.2,172,79.5,188,United States,"16,135",7.3,23%,43:57:00,Stanford University,"Physics & Astronomy,Computer Science,Politics & International Studies (incl Development Studies),Art, Performing Arts & Design,Geology, Environmental, Earth & Marine Sciences,Agriculture & Forestry,Medicine & Dentistry,Education,Communication & Media Studies,Chemistry,Mechanical & Aerospace Engineering,Languages, Literature & Linguistics,History, Philosophy & Theology,Psychology,Mathematics & Statistics,Biological Sciences,Sociology,Law,Accounting & Finance,Business & Management,Archaeology,General Engineering,Civil Engineering,Chemical Engineering,Other Health,Economics & Econometrics,Electrical & Electronic Engineering,Veterinary Science",FALSE,FALSE,
50,5,Massachusetts Institute of Technology,93.6,50,90.5,5,92.4,10,99.5,14,86.9,70,89,99,United States,"11,247",8.6,34%,39 : 61,Massachusetts Institute of Technology,"Mathematics & Statistics,Languages, Literature & Linguistics,Physics & Astronomy,History, Philosophy & Theology,Other Health,General Engineering,Biological Sciences,Computer Science,Architecture,Geology, Environmental, Earth & Marine Sciences,Psychology,Mechanical & Aerospace Engineering,Art, Performing Arts & Design,Chemistry,Chemical Engineering,Business & Management,Accounting & Finance,Electrical & Electronic Engineering,Communication & Media Studies,Archaeology,Civil Engineering,Economics & Econometrics,Politics & International Studies (incl Development Studies)",FALSE,FALSE,
60,6,Princeton University,93.2,60,90.3,7,96.3,6,98.8,22,58.6,247,81.1,172,United States,"7,983",8.1,25%,45:55:00,Princeton University,"Languages, Literature & Linguistics,Biological Sciences,Other Health,Psychology,Sociology,Mechanical & Aerospace Engineering,Computer Science,Politics & International Studies (incl Development Studies),Economics & Econometrics,Chemistry,Chemical Engineering,Mathematics & Statistics,History, Philosophy & Theology,Civil Engineering,Physics & Astronomy,Architecture,Agriculture & Forestry,General Engineering,Art, Performing Arts & Design,Electrical & Electronic Engineering,Geology, Environmental, Earth & Marine Sciences",FALSE,FALSE,
70,7,Harvard University,93,70,89.2,8,98.6,3,99.1,19,47.3,395,76.3,217,United States,"20,823",9.2,24%,49:51:00,Harvard University,"Mathematics & Statistics,Civil Engineering,Languages, Literature & Linguistics,Art, Performing Arts & Design,Business & Management,General Engineering,Geography,Archaeology,Geology, Environmental, Earth & Marine Sciences,Computer Science,Chemistry,Sociology,Mechanical & Aerospace Engineering,Accounting & Finance,Other Health,Electrical & Electronic Engineering,Politics & International Studies (incl Development Studies),Agriculture & Forestry,Psychology,Economics & Econometrics,Communication & Media Studies,Biological Sciences,Architecture,Medicine & Dentistry,Law,Physics & Astronomy,Education,History, Philosophy & Theology",FALSE,FALSE,
80,8,Yale University,91.7,80,92,3,94.8,7,97.3,43,52.4,310,68.7,285,United States,"12,402",5.4,20%,50:50:00,Yale University,"Economics & Econometrics,Medicine & Dentistry,Mathematics & Statistics,Politics & International Studies (incl Development Studies),Other Health,Accounting & Finance,Architecture,Law,Art, Performing Arts & Design,Mechanical & Aerospace Engineering,Agriculture & Forestry,History, Philosophy & Theology,General Engineering,Electrical & Electronic Engineering,Chemistry,Physics & Astronomy,Archaeology,Biological Sciences,Computer Science,Psychology,Business & Management,Chemical Engineering,Languages, Literature & Linguistics,Geology, Environmental, Earth & Marine Sciences,Sociology",FALSE,FALSE,
90,9,The University of Chicago,90.2,90,89.1,9,91.4,11,96.7,49,52.7,306,76,218,United States,"13,833",5.7,28%,46:54:00,The University of Chicago,"Business & Management,Physics & Astronomy,Economics & Econometrics,Psychology,Accounting & Finance,Law,Politics & International Studies (incl Development Studies),Chemical Engineering,Sociology,Archaeology,Computer Science,Art, Performing Arts & Design,Geography,Biological Sciences,Languages, Literature & Linguistics,Geology, Environmental, Earth & Marine Sciences,History, Philosophy & Theology,Mathematics & Statistics,Medicine & Dentistry,Chemistry",FALSE,FALSE,
100,10,Imperial College London,89.8,100,84.5,15,87.6,21,97,47,69.9,154,97.1,18,United Kingdom,"16,760",11.6,56%,38 : 62,Imperial College London,"Mechanical & Aerospace Engineering,General Engineering,Mathematics & Statistics,Medicine & Dentistry,Chemical Engineering,Physics & Astronomy,Geology, Environmental, Earth & Marine Sciences,Computer Science,Chemistry,Civil Engineering,Other Health,Electrical & Electronic Engineering,Biological Sciences",FALSE,FALSE,
110,11,University of Pennsylvania,89.6,110,87.5,11,90.4,15,98.2,30,74,131,65,319,United States,"20,578",6.5,21%,52:48:00,University of Pennsylvania,"Economics & Econometrics,Archaeology,Medicine & Dentistry,Geography,Accounting & Finance,Geology, Environmental, Earth & Marine Sciences,Law,Veterinary Science,Sociology,Biological Sciences,Psychology,Civil Engineering,Computer Science,Sport Science,Languages, Literature & Linguistics,Mathematics & Statistics,Communication & Media Studies,Agriculture & Forestry,Other Health,Business & Management,Mechanical & Aerospace Engineering,Politics & International Studies (incl Development Studies),Chemistry,Electrical & Electronic Engineering,Art, Performing Arts & Design,Chemical Engineering,Education,Architecture,Physics & Astronomy,General Engineering,History, Philosophy & Theology",FALSE,FALSE,
120,12,Johns Hopkins University,89.2,120,81.7,20,91.4,12,98.3,27,91.3,51,73.2,245,United States,"16,171",4.5,26%,52:48:00,Johns Hopkins University,"Sociology,General Engineering,Politics & International Studies (incl Development Studies),Electrical & Electronic Engineering,Accounting & Finance,Archaeology,Psychology,Biological Sciences,Art, Performing Arts & Design,Business & Management,Civil Engineering,Geology, Environmental, Earth & Marine Sciences,Medicine & Dentistry,Economics & Econometrics,Chemical Engineering,Education,Languages, Literature & Linguistics,Chemistry,Other Health,Physics & Astronomy,Computer Science,Mathematics & Statistics,Mechanical & Aerospace Engineering,History, Philosophy & Theology",FALSE,FALSE,
130,13,"University of California, Berkeley",88.3,130,83,17,90.6,13,99.2,16,46.1,420,70.4,269,United States,"41,081",13.7,17%,50:50:00,"University of California, Berkeley","Communication & Media Studies,Education,Civil Engineering,Languages, Literature & Linguistics,Mathematics & Statistics,History, Philosophy & Theology,Agriculture & Forestry,Psychology,Economics & Econometrics,Mechanical & Aerospace Engineering,Geography,Chemical Engineering,Business & Management,Archaeology,Law,Physics & Astronomy,Politics & International Studies (incl Development Studies),Architecture,Biological Sciences,Sociology,Geology, Environmental, Earth & Marine Sciences,Computer Science,Electrical & Electronic Engineering,Art, Performing Arts & Design,Chemistry,General Engineering,Other Health",FALSE,FALSE,
140,13,ETH Zurich,88.3,140,81.8,19,92.8,9,90.3,122,56.8,261,98.2,11,Switzerland,"18,956",12.5,39%,32 : 68,ETH Zurich,"Mathematics & Statistics,Mechanical & Aerospace Engineering,Accounting & Finance,Chemical Engineering,Economics & Econometrics,Politics & International Studies (incl Development Studies),General Engineering,Business & Management,Electrical & Electronic Engineering,Physics & Astronomy,Civil Engineering,Agriculture & Forestry,Medicine & Dentistry,Other Health,Sport Science,Geology, Environmental, Earth & Marine Sciences,Computer Science,Biological Sciences,Architecture,Education,Chemistry",FALSE,FALSE,
150,15,UCL,87.1,150,77.8,24,88.7,19,96.1,59,42.7,527,96.2,24,United Kingdom,"32,665",10.6,52%,57:43:00,UCL ucl UCL,"Archaeology,Chemical Engineering,Geology, Environmental, Earth & Marine Sciences,History, Philosophy & Theology,Civil Engineering,Physics & Astronomy,Education,Psychology,Computer Science,Mathematics & Statistics,Architecture,Chemistry,Medicine & Dentistry,General Engineering,Economics & Econometrics,Law,Geography,Business & Management,Mechanical & Aerospace Engineering,Politics & International Studies (incl Development Studies),Art, Performing Arts & Design,Languages, Literature & Linguistics,Biological Sciences,Communication & Media Studies,Other Health,Electrical & Electronic Engineering,Sociology",FALSE,FALSE,
160,16,Columbia University,87,160,85.6,14,82.6,27,98.2,29,44.8,453,79.3,191,United States,"26,586",5.8,37%,,Columbia University,"Politics & International Studies (incl Development Studies),Economics & Econometrics,Communication & Media Studies,Civil Engineering,Geology, Environmental, Earth & Marine Sciences,Art, Performing Arts & Design,Mathematics & Statistics,Accounting & Finance,Agriculture & Forestry,Sport Science,Architecture,General Engineering,Chemical Engineering,Psychology,Law,Languages, Literature & Linguistics,Electrical & Electronic Engineering,History, Philosophy & Theology,Sociology,Computer Science,Chemistry,Archaeology,Other Health,Mechanical & Aerospace Engineering,Medicine & Dentistry,Biological Sciences,Physics & Astronomy,Business & Management",FALSE,FALSE,
170,17,"University of California, Los Angeles",86.8,170,83.1,16,88.6,20,97.3,42,51.3,324,64.1,330,United States,"41,066",9.4,17%,54:46:00,"University of California, Los Angeles","Chemical Engineering,Psychology,Biological Sciences,Mechanical & Aerospace Engineering,Medicine & Dentistry,General Engineering,Communication & Media Studies,Agriculture & Forestry,Business & Management,Politics & International Studies (incl Development Studies),Accounting & Finance,Art, Performing Arts & Design,History, Philosophy & Theology,Computer Science,Chemistry,Sociology,Languages, Literature & Linguistics,Sport Science,Other Health,Civil Engineering,Geology, Environmental, Earth & Marine Sciences,Archaeology,Mathematics & Statistics,Education,Economics & Econometrics,Geography,Architecture,Physics & Astronomy,Electrical & Electronic Engineering,Law,Veterinary Science",FALSE,FALSE,
180,18,University of Toronto,85.5,180,76.6,27,89.5,18,93.6,88,50.5,339,84.7,133,Canada,"73,370",20.1,21%,59:41:00,University of Toronto,"Politics & International Studies (incl Development Studies),Law,Education,Biological Sciences,Electrical & Electronic Engineering,Business & Management,Languages, Literature & Linguistics,General Engineering,Mathematics & Statistics,Accounting & Finance,Civil Engineering,Psychology,History, Philosophy & Theology,Mechanical & Aerospace Engineering,Geography,Economics & Econometrics,Chemistry,Communication & Media Studies,Archaeology,Medicine & Dentistry,Agriculture & Forestry,Geology, Environmental, Earth & Marine Sciences,Computer Science,Chemical Engineering,Sport Science,Sociology,Art, Performing Arts & Design,Physics & Astronomy,Other Health,Architecture",FALSE,FALSE,
190,19,Cornell University,85.1,190,79.7,21,86,23,96.6,50,37.1,890,73.4,243,United States,"22,319",9.8,25%,49:51:00,Cornell University,"Other Health,Biological Sciences,Psychology,Economics & Econometrics,Mathematics & Statistics,Languages, Literature & Linguistics,Electrical & Electronic Engineering,History, Philosophy & Theology,Sociology,Physics & Astronomy,Computer Science,Chemistry,Archaeology,Veterinary Science,Politics & International Studies (incl Development Studies),General Engineering,Chemical Engineering,Law,Architecture,Civil Engineering,Geology, Environmental, Earth & Marine Sciences,Mechanical & Aerospace Engineering,Art, Performing Arts & Design,Agriculture & Forestry,Business & Management,Communication & Media Studies",FALSE,FALSE,
200,20,Duke University,84,200,82.4,18,76.8,35,97,46,99.9,13,61.5,366,United States,"15,309",4.3,19%,49:51:00,Duke University,"Medicine & Dentistry,Psychology,Other Health,Biological Sciences,Computer Science,Agriculture & Forestry,Politics & International Studies (incl Development Studies),History, Philosophy & Theology,Languages, Literature & Linguistics,Communication & Media Studies,Accounting & Finance,General Engineering,Sociology,Business & Management,Civil Engineering,Chemistry,Mechanical & Aerospace Engineering,Physics & Astronomy,Art, Performing Arts & Design,Economics & Econometrics,Electrical & Electronic Engineering,Mathematics & Statistics,Geology, Environmental, Earth & Marine Sciences,Law",FALSE,FALSE,
210,21,University of Michigan-Ann Arbor,83.8,210,79.4,22,86.1,22,94.9,76,47.7,378,59.2,395,United States,"42,982",8.3,17%,49:51:00,University of Michigan-Ann Arbor,"Chemistry,Architecture,Agriculture & Forestry,Languages, Literature & Linguistics,Psychology,Sociology,Law,Computer Science,Chemical Engineering,Other Health,Archaeology,Mathematics & Statistics,Politics & International Studies (incl Development Studies),History, Philosophy & Theology,Civil Engineering,Electrical & Electronic Engineering,Art, Performing Arts & Design,Mechanical & Aerospace Engineering,Physics & Astronomy,Economics & Econometrics,General Engineering,Medicine & Dentistry,Education,Accounting & Finance,Biological Sciences,Sport Science,Business & Management,Communication & Media Studies,Geology, Environmental, Earth & Marine Sciences",FALSE,FALSE,
220,22,Northwestern University,83.5,220,74.2,28,83.8,24,97.8,36,78.4,111,64.1,331,United States,"17,951",12.8,20%,49:51:00,Northwestern University,"Computer Science,Geography,Physics & Astronomy,Languages, Literature & Linguistics,Business & Management,Biological Sciences,Chemical Engineering,Geology, Environmental, Earth & Marine Sciences,Politics & International Studies (incl Development Studies),Accounting & Finance,Mathematics & Statistics,Civil Engineering,Sociology,Education,General Engineering,History, Philosophy & Theology,Architecture,Economics & Econometrics,Mechanical & Aerospace Engineering,Communication & Media Studies,Medicine & Dentistry,Law,Psychology,Art, Performing Arts & Design,Electrical & Electronic Engineering,Chemistry,Other Health",FALSE,FALSE,
230,23,Tsinghua University,82.6,230,86.6,12,94,8,74.6,309,100,9,47.4,598,China,"38,783",12,11%,34 : 66,Tsinghua University Qinghua University Tsing hua University Qing hua University,"Economics & Econometrics,Languages, Literature & Linguistics,Art, Performing Arts & Design,Geography,Education,Other Health,Communication & Media Studies,Sociology,Accounting & Finance,Architecture,Chemistry,Chemical Engineering,History, Philosophy & Theology,Physics & Astronomy,Mechanical & Aerospace Engineering,General Engineering,Business & Management,Medicine & Dentistry,Civil Engineering,Psychology,Electrical & Electronic Engineering,Mathematics & Statistics,Geology, Environmental, Earth & Marine Sciences,Sport Science,Computer Science,Archaeology,Politics & International Studies (incl Development Studies),Law,Biological Sciences",FALSE,FALSE,
240,24,Peking University,82.3,240,89.1,10,90,16,73.2,336,86.6,72,59.6,391,China,"39,575",11.5,15%,46:54:00,Peking University,"Other Health,Physics & Astronomy,Business & Management,Psychology,Education,Biological Sciences,Medicine & Dentistry,Communication & Media Studies,Art, Performing Arts & Design,General Engineering,Chemistry,Languages, Literature & Linguistics,Mathematics & Statistics,Computer Science,Sociology,Archaeology,Accounting & Finance,Law,Geography,Economics & Econometrics,Mechanical & Aerospace Engineering,Politics & International Studies (incl Development Studies),History, Philosophy & Theology,Electrical & Electronic Engineering,Geology, Environmental, Earth & Marine Sciences",FALSE,FALSE,
250,25,National University of Singapore,81.9,250,76.8,25,90.4,14,76.9,271,58.8,243,95.5,32,Singapore,"30,869",17.9,28%,51:49:00,National University of Singapore nus,"Other Health,Sport Science,Accounting & Finance,Archaeology,Geology, Environmental, Earth & Marine Sciences,Communication & Media Studies,Physics & Astronomy,History, Philosophy & Theology,Psychology,Law,Agriculture & Forestry,General Engineering,Languages, Literature & Linguistics,Geography,Veterinary Science,Art, Performing Arts & Design,Business & Management,Politics & International Studies (incl Development Studies),Chemical Engineering,Computer Science,Electrical & Electronic Engineering,Economics & Econometrics,Chemistry,Mathematics & Statistics,Architecture,Sociology,Medicine & Dentistry,Biological Sciences,Civil Engineering,Mechanical & Aerospace Engineering",FALSE,FALSE,
260,26,University of Washington,81.6,260,72.2,31,82.2,28,98.6,25,47.5,390,60.4,380,United States,"45,692",11.1,16%,53:47:00,University of Washington,"Psychology,History, Philosophy & Theology,Other Health,Chemistry,Languages, Literature & Linguistics,General Engineering,Chemical Engineering,Physics & Astronomy,Agriculture & Forestry,Computer Science,Biological Sciences,Archaeology,Education,Veterinary Science,Politics & International Studies (incl Development Studies),Accounting & Finance,Mechanical & Aerospace Engineering,Communication & Media Studies,Economics & Econometrics,Mathematics & Statistics,Architecture,Medicine & Dentistry,Electrical & Electronic Engineering,Sociology,Art, Performing Arts & Design,Civil Engineering,Geology, Environmental, Earth & Marine Sciences,Business & Management,Law,Geography",FALSE,FALSE,
270,27,Carnegie Mellon University,81.3,270,65.9,42,82.7,26,98.2,28,50.5,337,80.6,175,United States,"13,430",13.6,48%,41:59:00,Carnegie Mellon University,"Accounting & Finance,Communication & Media Studies,Languages, Literature & Linguistics,Computer Science,Politics & International Studies (incl Development Studies),Civil Engineering,Business & Management,Economics & Econometrics,Mechanical & Aerospace Engineering,History, Philosophy & Theology,Biological Sciences,Art, Performing Arts & Design,Electrical & Electronic Engineering,Mathematics & Statistics,Chemical Engineering,Chemistry,Physics & Astronomy,Psychology,Architecture",FALSE,FALSE,
280,27,London School of Economics and Political Science,81.3,280,69,34,83,25,92.8,96,35.1,1162,93.2,59,United Kingdom,"10,570",12.1,71%,53:47:00,London School of Economics and Political Science,"History, Philosophy & Theology,Mathematics & Statistics,Geography,Psychology,Accounting & Finance,Geology, Environmental, Earth & Marine Sciences,Communication & Media Studies,Economics & Econometrics,Languages, Literature & Linguistics,Politics & International Studies (incl Development Studies),Business & Management,Sociology,Law",FALSE,FALSE,
290,29,New York University,81.1,290,76.8,26,77.5,32,96.5,51,38.7,747,65.4,314,United States,"44,466",8.9,33%,57:43:00,New York University,"Politics & International Studies (incl Development Studies),Mechanical & Aerospace Engineering,Physics & Astronomy,Medicine & Dentistry,Communication & Media Studies,Law,Art, Performing Arts & Design,Business & Management,Chemical Engineering,General Engineering,Computer Science,Accounting & Finance,Mathematics & Statistics,Sociology,Electrical & Electronic Engineering,Languages, Literature & Linguistics,Archaeology,Economics & Econometrics,Biological Sciences,Education,Geology, Environmental, Earth & Marine Sciences,Other Health,Architecture,Psychology,Civil Engineering,Chemistry,History, Philosophy & Theology",FALSE,FALSE,
300,30,University of Edinburgh,79.4,300,67.3,38,74.1,38,96.4,54,38.9,732,93.8,52,United Kingdom,"29,435",12.8,41%,60:40:00,University of Edinburgh,"Computer Science,Business & Management,Politics & International Studies (incl Development Studies),Accounting & Finance,Electrical & Electronic Engineering,Mathematics & Statistics,Veterinary Science,Archaeology,Physics & Astronomy,General Engineering,History, Philosophy & Theology,Mechanical & Aerospace Engineering,Architecture,Chemistry,Sport Science,Other Health,Sociology,Geography,Languages, Literature & Linguistics,Art, Performing Arts & Design,Civil Engineering,Education,Geology, Environmental, Earth & Marine Sciences,Medicine & Dentistry,Law,Chemical Engineering,Economics & Econometrics,Psychology,Biological Sciences",FALSE,FALSE,
310,31,"University of California, San Diego",78.8,310,62.6,50,78.9,29,97.7,37,90.3,57,63.7,335,United States,"33,579",13,23%,46:54:00,"University of California, San Diego","Other Health,Computer Science,Chemical Engineering,Physics & Astronomy,Economics & Econometrics,General Engineering,Politics & International Studies (incl Development Studies),Medicine & Dentistry,Biological Sciences,Sociology,History, Philosophy & Theology,Education,Mathematics & Statistics,Business & Management,Electrical & Electronic Engineering,Communication & Media Studies,Mechanical & Aerospace Engineering,Art, Performing Arts & Design,Chemistry,Accounting & Finance,Civil Engineering,Psychology,Languages, Literature & Linguistics,Geology, Environmental, Earth & Marine Sciences",FALSE,FALSE,
320,32,LMU Munich,77.8,320,68.4,36,77,34,88.8,134,100,6,67.2,297,Germany,"34,519",34.7,17%,61:39:00,LMU Munich Ludwig-Maximilians-Universität München,"Psychology,Education,Computer Science,Business & Management,Law,Sociology,Medicine & Dentistry,Mathematics & Statistics,History, Philosophy & Theology,Biological Sciences,Geography,Other Health,Archaeology,Physics & Astronomy,Art, Performing Arts & Design,Chemistry,Communication & Media Studies,Economics & Econometrics,Geology, Environmental, Earth & Marine Sciences,Languages, Literature & Linguistics,Veterinary Science,Politics & International Studies (incl Development Studies)",FALSE,FALSE,
330,32,University of Melbourne,77.8,330,65.9,43,74.1,39,89.8,128,76.3,122,93.1,62,Australia,"47,385",26.3,46%,56:44:00,University of Melbourne UniMelb Australia,"Art, Performing Arts & Design,Sociology,Medicine & Dentistry,Agriculture & Forestry,Sport Science,Law,Geology, Environmental, Earth & Marine Sciences,Economics & Econometrics,Languages, Literature & Linguistics,Computer Science,Physics & Astronomy,Electrical & Electronic Engineering,History, Philosophy & Theology,Geography,Chemical Engineering,Politics & International Studies (incl Development Studies),Education,Business & Management,Psychology,Biological Sciences,Archaeology,Mechanical & Aerospace Engineering,Veterinary Science,Communication & Media Studies,Other Health,Mathematics & Statistics,General Engineering,Accounting & Finance,Architecture,Chemistry,Civil Engineering",FALSE,FALSE,
340,34,University of British Columbia,76.3,340,61.5,56,73.2,41,92.5,97,43.8,484,94.4,40,Canada,"52,108",18.1,32%,55:45:00,University of British Columbia,"Psychology,Geography,Biological Sciences,General Engineering,Communication & Media Studies,Chemical Engineering,Mathematics & Statistics,Languages, Literature & Linguistics,Electrical & Electronic Engineering,Chemistry,Education,Civil Engineering,Other Health,Medicine & Dentistry,Accounting & Finance,Archaeology,Law,Geology, Environmental, Earth & Marine Sciences,Physics & Astronomy,Agriculture & Forestry,Economics & Econometrics,Politics & International Studies (incl Development Studies),Architecture,Art, Performing Arts & Design,Computer Science,Sport Science,Sociology,Mechanical & Aerospace Engineering,Business & Management,History, Philosophy & Theology",FALSE,FALSE,
350,35,University of Hong Kong,75.9,350,69.5,33,77.2,33,76.6,276,59.7,231,98.6,8,Hong Kong,"18,260",18.2,44%,54:46:00,University of Hong Kong,"Agriculture & Forestry,Art, Performing Arts & Design,Electrical & Electronic Engineering,Languages, Literature & Linguistics,Physics & Astronomy,Business & Management,Geography,Medicine & Dentistry,Biological Sciences,Other Health,Communication & Media Studies,Mathematics & Statistics,Accounting & Finance,Education,Law,Mechanical & Aerospace Engineering,Architecture,Psychology,Economics & Econometrics,Chemistry,General Engineering,History, Philosophy & Theology,Civil Engineering,Politics & International Studies (incl Development Studies),Geology, Environmental, Earth & Marine Sciences,Computer Science,Sociology",FALSE,FALSE,
360,36,King’s College London,75.7,360,61.3,57,68.5,51,94.8,78,45.6,428,95.6,30,United Kingdom,"26,055",12.5,44%,62:38:00,King’s College London,"Accounting & Finance,Geography,Economics & Econometrics,Computer Science,Geology, Environmental, Earth & Marine Sciences,History, Philosophy & Theology,Languages, Literature & Linguistics,Chemistry,Other Health,Law,Archaeology,Psychology,Electrical & Electronic Engineering,Medicine & Dentistry,Mechanical & Aerospace Engineering,Communication & Media Studies,Education,Mathematics & Statistics,General Engineering,Biological Sciences,Sport Science,Sociology,Art, Performing Arts & Design,Politics & International Studies (incl Development Studies),Physics & Astronomy,Business & Management",FALSE,FALSE,
370,36,The University of Tokyo,75.7,370,85.9,13,89.6,17,60.7,495,77.4,116,38.2,810,Japan,"25,913",10.6,12%,,The University of Tokyo,"Economics & Econometrics,Geology, Environmental, Earth & Marine Sciences,Accounting & Finance,Chemical Engineering,Computer Science,Communication & Media Studies,Archaeology,General Engineering,Geography,Business & Management,Civil Engineering,Sport Science,Mechanical & Aerospace Engineering,Other Health,Physics & Astronomy,Biological Sciences,Law,Mathematics & Statistics,Languages, Literature & Linguistics,Veterinary Science,Electrical & Electronic Engineering,Medicine & Dentistry,History, Philosophy & Theology,Education,Politics & International Studies (incl Development Studies),Art, Performing Arts & Design,Agriculture & Forestry,Sociology,Architecture,Chemistry,Psychology",FALSE,FALSE,
380,38,École Polytechnique Fédérale de Lausanne,75.4,380,66.6,40,66.3,57,88.3,141,66.4,169,98.6,7,Switzerland,"10,492",11.4,59%,28 : 72,École Polytechnique Fédérale de Lausanne,"Architecture,General Engineering,Chemistry,Computer Science,Electrical & Electronic Engineering,Biological Sciences,Chemical Engineering,Civil Engineering,Mathematics & Statistics,Physics & Astronomy,Economics & Econometrics,Mechanical & Aerospace Engineering",FALSE,FALSE,
390,38,Georgia Institute of Technology,75.4,390,60.2,58,76.4,36,90.4,120,61.6,213,77.1,212,United States,"21,372",18.3,27%,33 : 67,Georgia Institute of Technology,"Architecture,Computer Science,Business & Management,Chemistry,Economics & Econometrics,General Engineering,Geology, Environmental, Earth & Marine Sciences,Biological Sciences,Chemical Engineering,Mechanical & Aerospace Engineering,Politics & International Studies (incl Development Studies),Electrical & Electronic Engineering,Physics & Astronomy,History, Philosophy & Theology,Civil Engineering,Languages, Literature & Linguistics,Sociology,Accounting & Finance,Geography,Psychology,Art, Performing Arts & Design,Mathematics & Statistics",FALSE,FALSE,
400,38,University of Texas at Austin,75.4,400,68.2,37,76.2,37,93.2,92,46.6,409,39.1,793,United States,"49,165",17.2,10%,52:48:00,University of Texas at Austin,"Architecture,Business & Management,Law,Communication & Media Studies,Biological Sciences,Economics & Econometrics,Psychology,Education,Sport Science,History, Philosophy & Theology,Computer Science,Physics & Astronomy,Archaeology,Medicine & Dentistry,Electrical & Electronic Engineering,Sociology,General Engineering,Languages, Literature & Linguistics,Politics & International Studies (incl Development Studies),Art, Performing Arts & Design,Chemical Engineering,Mathematics & Statistics,Accounting & Finance,Mechanical & Aerospace Engineering,Geography,Civil Engineering,Geology, Environmental, Earth & Marine Sciences,Other Health,Chemistry",FALSE,FALSE,
410,41,Karolinska Institute,74.7,410,55.4,81,71.4,45,96.1,58,71.2,146,81.2,170,Sweden,"7,777",9,20%,68:32:00,Karolinska Institute,"Education,Psychology,Chemical Engineering,Other Health,Mathematics & Statistics,Medicine & Dentistry,Sociology,Languages, Literature & Linguistics,Biological Sciences,Geology, Environmental, Earth & Marine Sciences,Business & Management",FALSE,FALSE,
420,42,McGill University,74.3,420,65,44,71.9,43,84.7,188,42.8,518,90.4,87,Canada,"31,294",13,29%,58:42:00,McGill University,"Accounting & Finance,Education,Biological Sciences,Art, Performing Arts & Design,Archaeology,Law,Politics & International Studies (incl Development Studies),Other Health,Computer Science,Mathematics & Statistics,Architecture,Languages, Literature & Linguistics,Civil Engineering,Psychology,Business & Management,Chemistry,Mechanical & Aerospace Engineering,Geology, Environmental, Earth & Marine Sciences,Economics & Econometrics,Medicine & Dentistry,Sport Science,Sociology,History, Philosophy & Theology,Chemical Engineering,Agriculture & Forestry,Geography,General Engineering,Physics & Astronomy,Electrical & Electronic Engineering,Communication & Media Studies",FALSE,FALSE,
430,43,Technical University of Munich,74.1,430,64.6,46,70.4,48,85.5,175,100,8,72.9,249,Germany,"40,472",47.8,27%,34 : 66,Technical University of Munich,"Chemical Engineering,Chemistry,Mechanical & Aerospace Engineering,Politics & International Studies (incl Development Studies),Other Health,Geology, Environmental, Earth & Marine Sciences,Medicine & Dentistry,Biological Sciences,Electrical & Electronic Engineering,Accounting & Finance,Business & Management,Civil Engineering,Physics & Astronomy,Computer Science,Mathematics & Statistics,Education,Sport Science,Architecture,General Engineering,Agriculture & Forestry,Sociology",FALSE,FALSE,
440,44,Universität Heidelberg,73.5,440,67.1,39,60.3,74,96.2,56,54.6,285,67.5,294,Germany,"20,800",16.1,18%,54:46:00,Universität Heidelberg,"History, Philosophy & Theology,Sport Science,Physics & Astronomy,Geology, Environmental, Earth & Marine Sciences,Law,Education,Mathematics & Statistics,Geography,Politics & International Studies (incl Development Studies),Computer Science,Economics & Econometrics,Other Health,Psychology,Chemistry,Sociology,Archaeology,Art, Performing Arts & Design,Biological Sciences,Languages, Literature & Linguistics,Medicine & Dentistry",FALSE,FALSE,
450,45,KU Leuven,73.2,450,58.7,61,73.9,40,85.3,178,99.3,25,71.8,259,Belgium,"45,049",36.3,15%,50:50:00,KU Leuven,"Electrical & Electronic Engineering,Chemistry,Accounting & Finance,Sport Science,Politics & International Studies (incl Development Studies),Chemical Engineering,Business & Management,Education,General Engineering,Psychology,Economics & Econometrics,Computer Science,Mechanical & Aerospace Engineering,Geography,Art, Performing Arts & Design,Physics & Astronomy,History, Philosophy & Theology,Other Health,Civil Engineering,Biological Sciences,Communication & Media Studies,Archaeology,Mathematics & Statistics,Languages, Literature & Linguistics,Sociology,Agriculture & Forestry,Architecture,Geology, Environmental, Earth & Marine Sciences,Law,Medicine & Dentistry",FALSE,FALSE,
460,45,Paris Sciences et Lettres – PSL Research University Paris,73.2,460,71.6,32,71.4,46,77,269,52.2,313,78.7,195,France,"21,298",11.5,26%,46:54:00,Paris Sciences et Lettres – PSL Research University Paris,"History, Philosophy & Theology,Art, Performing Arts & Design,Geology, Environmental, Earth & Marine Sciences,Archaeology,Chemistry,Accounting & Finance,Mechanical & Aerospace Engineering,Other Health,Politics & International Studies (incl Development Studies),Chemical Engineering,General Engineering,Communication & Media Studies,Languages, Literature & Linguistics,Law,Civil Engineering,Economics & Econometrics,Sociology,Electrical & Electronic Engineering,Mathematics & Statistics,Business & Management,Geography,Physics & Astronomy,Biological Sciences,Computer Science",FALSE,FALSE,
470,47,The Hong Kong University of Science and Technology,73.1,470,57.4,69,66.1,58,89.8,127,71.9,140,97.7,14,Hong Kong,"10,125",22.3,31%,,The Hong Kong University of Science and Technology hkust,"Civil Engineering,Economics & Econometrics,Mathematics & Statistics,Geology, Environmental, Earth & Marine Sciences,Other Health,Chemistry,Mechanical & Aerospace Engineering,General Engineering,Biological Sciences,Business & Management,Education,Chemical Engineering,Languages, Literature & Linguistics,Computer Science,Accounting & Finance,Electrical & Electronic Engineering,Sociology,Physics & Astronomy",FALSE,FALSE,
480,48,University of Illinois at Urbana-Champaign,72.9,480,63.2,49,78,31,84.4,193,47.9,374,54.3,469,United States,"44,916",17.9,24%,47:53:00,University of Illinois at Urbana-Champaign,"Art, Performing Arts & Design,Computer Science,Archaeology,General Engineering,Communication & Media Studies,Geology, Environmental, Earth & Marine Sciences,Economics & Econometrics,Law,Architecture,Mechanical & Aerospace Engineering,Mathematics & Statistics,Chemical Engineering,Business & Management,Geography,History, Philosophy & Theology,Other Health,Sport Science,Psychology,Medicine & Dentistry,Agriculture & Forestry,Politics & International Studies (incl Development Studies),Chemistry,Electrical & Electronic Engineering,Sociology,Languages, Literature & Linguistics,Education,Accounting & Finance,Civil Engineering,Veterinary Science,Biological Sciences,Physics & Astronomy",FALSE,FALSE,
490,48,"Nanyang Technological University, Singapore",72.9,490,57.6,65,70.4,47,84.9,186,76.5,121,95.1,36,Singapore,"25,088",15.9,27%,48:52:00,"Nanyang Technological University, Singapore NTU Nan yang","Civil Engineering,Economics & Econometrics,Psychology,Education,Sport Science,Sociology,Politics & International Studies (incl Development Studies),Accounting & Finance,Electrical & Electronic Engineering,Biological Sciences,Geology, Environmental, Earth & Marine Sciences,Medicine & Dentistry,Languages, Literature & Linguistics,Business & Management,Mechanical & Aerospace Engineering,Chemistry,Communication & Media Studies,Other Health,Computer Science,General Engineering,Physics & Astronomy,Chemical Engineering,Mathematics & Statistics,Art, Performing Arts & Design,History, Philosophy & Theology",FALSE,FALSE,
500,50,Australian National University,72.1,500,54.4,86,69.7,50,88.4,137,46.4,414,95.5,31,Australia,"17,359",17.8,44%,52:48:00,Australian National University anu,"Geography,Other Health,Chemistry,Art, Performing Arts & Design,Mechanical & Aerospace Engineering,History, Philosophy & Theology,Law,Archaeology,Chemical Engineering,Politics & International Studies (incl Development Studies),Computer Science,Agriculture & Forestry,Medicine & Dentistry,Geology, Environmental, Earth & Marine Sciences,Sociology,Communication & Media Studies,Business & Management,Civil Engineering,Psychology,Accounting & Finance,Electrical & Electronic Engineering,Physics & Astronomy,Economics & Econometrics,Mathematics & Statistics,Languages, Literature & Linguistics,General Engineering,Biological Sciences",FALSE,FALSE,
10,1,University of Oxford,95.6,10,91.3,5,99.6,1,98,37,68.7,189,96.4,24,United Kingdom,"20,775",11.1,41%,46:54:00,University of Oxford,"Accounting & Finance,General Engineering,Communication & Media Studies,Biological Sciences,Art, Performing Arts & Design,Other Health,Mathematics & Statistics,Education,Civil Engineering,Medicine & Dentistry,Politics & International Studies (incl Development Studies),Languages, Literature & Linguistics,Electrical & Electronic Engineering,Physics & Astronomy,Economics & Econometrics,Law,Sociology,Business & Management,Mechanical & Aerospace Engineering,Geography,History, Philosophy & Theology,Computer Science,Chemistry,Chemical Engineering,Psychology,Archaeology,Geology, Environmental, Earth & Marine Sciences",FALSE,FALSE,
20,2,Stanford University,94.9,20,92.2,3,96.7,6,99.9,14,90.1,75,79.5,200,United States,"16,223",7.4,23%,44:56:00,Stanford University,"Physics & Astronomy,Computer Science,Politics & International Studies (incl Development Studies),Art, Performing Arts & Design,Geology, Environmental, Earth & Marine Sciences,Agriculture & Forestry,Medicine & Dentistry,Education,Communication & Media Studies,Chemistry,Mechanical & Aerospace Engineering,Languages, Literature & Linguistics,History, Philosophy & Theology,Psychology,Mathematics & Statistics,Biological Sciences,Sociology,Law,Accounting & Finance,Business & Management,Archaeology,General Engineering,Civil Engineering,Chemical Engineering,Other Health,Economics & Econometrics,Electrical & Electronic Engineering,Veterinary Science",FALSE,FALSE,
30,3,Harvard University,94.8,30,94.4,1,98.8,3,99.4,22,46.8,421,77.7,218,United States,"21,261",9.3,25%,49:51:00,Harvard University,"Mathematics & Statistics,Civil Engineering,Languages, Literature & Linguistics,Art, Performing Arts & Design,Business & Management,General Engineering,Geography,Archaeology,Geology, Environmental, Earth & Marine Sciences,Computer Science,Chemistry,Sociology,Mechanical & Aerospace Engineering,Accounting & Finance,Other Health,Electrical & Electronic Engineering,Politics & International Studies (incl Development Studies),Agriculture & Forestry,Psychology,Economics & Econometrics,Communication & Media Studies,Biological Sciences,Architecture,Medicine & Dentistry,Law,Physics & Astronomy,Education,History, Philosophy & Theology",FALSE,FALSE,
40,4,California Institute of Technology,94.5,40,92.5,2,96.9,5,97,49,92.7,67,83.6,158,United States,"2,238",6.3,33%,36 : 64,California Institute of Technology caltech,"Languages, Literature & Linguistics,Economics & Econometrics,Civil Engineering,Mathematics & Statistics,General Engineering,Electrical & Electronic Engineering,Geology, Environmental, Earth & Marine Sciences,Computer Science,Politics & International Studies (incl Development Studies),Physics & Astronomy,Chemical Engineering,Business & Management,Biological Sciences,History, Philosophy & Theology,Chemistry,Mechanical & Aerospace Engineering",FALSE,FALSE,
50,5,Massachusetts Institute of Technology,94.4,50,90.7,6,94.4,8,99.7,17,90.4,73,90,96,United States,"11,276",8.4,34%,39 : 61,Massachusetts Institute of Technology,"Mathematics & Statistics,Languages, Literature & Linguistics,Physics & Astronomy,History, Philosophy & Theology,Other Health,General Engineering,Biological Sciences,Computer Science,Architecture,Geology, Environmental, Earth & Marine Sciences,Psychology,Mechanical & Aerospace Engineering,Art, Performing Arts & Design,Chemistry,Chemical Engineering,Business & Management,Accounting & Finance,Electrical & Electronic Engineering,Communication & Media Studies,Archaeology,Civil Engineering,Economics & Econometrics,Politics & International Studies (incl Development Studies)",FALSE,FALSE,
60,6,University of Cambridge,94,60,90.3,7,99.2,2,95.6,70,52.1,343,95.7,31,United Kingdom,"19,370",11,38%,47:53:00,University of Cambridge,"Business & Management,General Engineering,Art, Performing Arts & Design,Chemical Engineering,Archaeology,Education,Chemistry,Architecture,Other Health,Veterinary Science,Sociology,Medicine & Dentistry,Mechanical & Aerospace Engineering,Psychology,Languages, Literature & Linguistics,Electrical & Electronic Engineering,Geography,Accounting & Finance,Biological Sciences,Computer Science,Politics & International Studies (incl Development Studies),Economics & Econometrics,Law,Geology, Environmental, Earth & Marine Sciences,History, Philosophy & Theology,Civil Engineering,Physics & Astronomy,Mathematics & Statistics",FALSE,FALSE,
70,7,"University of California, Berkeley",92.2,70,85.8,13,97.2,4,99.1,25,84.3,104,72.3,275,United States,"39,918",19.8,17%,51:49:00,"University of California, Berkeley","Communication & Media Studies,Education,Civil Engineering,Languages, Literature & Linguistics,Mathematics & Statistics,History, Philosophy & Theology,Agriculture & Forestry,Psychology,Economics & Econometrics,Mechanical & Aerospace Engineering,Geography,Chemical Engineering,Business & Management,Archaeology,Law,Physics & Astronomy,Politics & International Studies (incl Development Studies),Architecture,Biological Sciences,Sociology,Geology, Environmental, Earth & Marine Sciences,Computer Science,Electrical & Electronic Engineering,Art, Performing Arts & Design,Chemistry,General Engineering,Other Health",FALSE,FALSE,
80,8,Yale University,91.6,80,91.9,4,93.8,9,97.9,38,56.1,299,68.4,315,United States,"12,910",6,20%,50:50:00,Yale University,"Economics & Econometrics,Medicine & Dentistry,Mathematics & Statistics,Politics & International Studies (incl Development Studies),Other Health,Accounting & Finance,Architecture,Law,Art, Performing Arts & Design,Mechanical & Aerospace Engineering,Agriculture & Forestry,History, Philosophy & Theology,General Engineering,Electrical & Electronic Engineering,Chemistry,Physics & Astronomy,Archaeology,Biological Sciences,Computer Science,Psychology,Business & Management,Chemical Engineering,Languages, Literature & Linguistics,Geology, Environmental, Earth & Marine Sciences,Sociology",FALSE,FALSE,
90,9,Princeton University,91.5,90,88.8,10,92.5,10,98.9,28,58,274,80.2,192,United States,"8,091",8,23%,46:54:00,Princeton University,"Languages, Literature & Linguistics,Biological Sciences,Other Health,Psychology,Sociology,Mechanical & Aerospace Engineering,Computer Science,Politics & International Studies (incl Development Studies),Economics & Econometrics,Chemistry,Chemical Engineering,Mathematics & Statistics,History, Philosophy & Theology,Civil Engineering,Physics & Astronomy,Architecture,Agriculture & Forestry,General Engineering,Art, Performing Arts & Design,Electrical & Electronic Engineering,Geology, Environmental, Earth & Marine Sciences",FALSE,FALSE,
100,10,The University of Chicago,90.3,100,88.9,9,90.5,17,98.6,32,54.9,311,74,255,United States,"14,292",5.9,31%,46:54:00,The University of Chicago,"Business & Management,Physics & Astronomy,Economics & Econometrics,Psychology,Accounting & Finance,Law,Politics & International Studies (incl Development Studies),Chemical Engineering,Sociology,Archaeology,Computer Science,Art, Performing Arts & Design,Geography,Biological Sciences,Languages, Literature & Linguistics,Geology, Environmental, Earth & Marine Sciences,History, Philosophy & Theology,Mathematics & Statistics,Medicine & Dentistry,Chemistry",FALSE,FALSE,
110,11,Imperial College London,89.4,110,82.3,17,88.2,21,97.2,47,69.6,181,97.4,17,United Kingdom,"17,175",11.6,58%,39 : 61,Imperial College London,"Mechanical & Aerospace Engineering,General Engineering,Mathematics & Statistics,Medicine & Dentistry,Chemical Engineering,Physics & Astronomy,Geology, Environmental, Earth & Marine Sciences,Computer Science,Chemistry,Civil Engineering,Other Health,Electrical & Electronic Engineering,Biological Sciences",FALSE,FALSE,
120,12,Johns Hopkins University,89.2,120,81.6,18,91.8,12,97.7,40,93.4,64,73.9,256,United States,"16,432",4.4,27%,52:48:00,Johns Hopkins University,"Sociology,General Engineering,Politics & International Studies (incl Development Studies),Electrical & Electronic Engineering,Accounting & Finance,Archaeology,Psychology,Biological Sciences,Art, Performing Arts & Design,Business & Management,Civil Engineering,Geology, Environmental, Earth & Marine Sciences,Medicine & Dentistry,Economics & Econometrics,Chemical Engineering,Education,Languages, Literature & Linguistics,Chemistry,Other Health,Physics & Astronomy,Computer Science,Mathematics & Statistics,Mechanical & Aerospace Engineering,History, Philosophy & Theology",FALSE,FALSE,
130,13,University of Pennsylvania,88.9,130,85.4,14,89.9,19,98.1,36,77.9,129,66.3,338,United States,"20,771",6.4,21%,52:48:00,University of Pennsylvania,"Economics & Econometrics,Archaeology,Medicine & Dentistry,Geography,Accounting & Finance,Geology, Environmental, Earth & Marine Sciences,Law,Veterinary Science,Sociology,Biological Sciences,Psychology,Civil Engineering,Computer Science,Sport Science,Languages, Literature & Linguistics,Mathematics & Statistics,Communication & Media Studies,Agriculture & Forestry,Other Health,Business & Management,Mechanical & Aerospace Engineering,Politics & International Studies (incl Development Studies),Chemistry,Electrical & Electronic Engineering,Art, Performing Arts & Design,Chemical Engineering,Education,Architecture,Physics & Astronomy,General Engineering,History, Philosophy & Theology",FALSE,FALSE,
140,14,ETH Zurich,87.9,140,80.4,20,92.3,11,90.5,127,62.8,234,98,13,Switzerland,"19,632",13.1,40%,32 : 68,ETH Zurich,"Mathematics & Statistics,Mechanical & Aerospace Engineering,Accounting & Finance,Chemical Engineering,Economics & Econometrics,Politics & International Studies (incl Development Studies),General Engineering,Business & Management,Electrical & Electronic Engineering,Physics & Astronomy,Civil Engineering,Agriculture & Forestry,Medicine & Dentistry,Other Health,Sport Science,Geology, Environmental, Earth & Marine Sciences,Computer Science,Biological Sciences,Architecture,Education,Chemistry",FALSE,FALSE,
150,15,"University of California, Los Angeles",87.1,150,82.5,16,90.2,18,96.5,54,57.6,278,65.3,352,United States,"41,673",10,17%,55:45:00,"University of California, Los Angeles","Chemical Engineering,Psychology,Biological Sciences,Mechanical & Aerospace Engineering,Medicine & Dentistry,General Engineering,Communication & Media Studies,Agriculture & Forestry,Business & Management,Politics & International Studies (incl Development Studies),Accounting & Finance,Art, Performing Arts & Design,History, Philosophy & Theology,Computer Science,Chemistry,Sociology,Languages, Literature & Linguistics,Sport Science,Other Health,Civil Engineering,Geology, Environmental, Earth & Marine Sciences,Archaeology,Mathematics & Statistics,Education,Economics & Econometrics,Geography,Architecture,Physics & Astronomy,Electrical & Electronic Engineering,Law,Veterinary Science",FALSE,FALSE,
160,16,UCL,86.9,160,76.6,25,89.4,20,96.2,60,42.1,576,96.5,23,United Kingdom,"34,590",10.8,55%,57:43:00,UCL ucl UCL,"Archaeology,Chemical Engineering,Geology, Environmental, Earth & Marine Sciences,History, Philosophy & Theology,Civil Engineering,Physics & Astronomy,Education,Psychology,Computer Science,Mathematics & Statistics,Architecture,Chemistry,Medicine & Dentistry,General Engineering,Economics & Econometrics,Law,Geography,Business & Management,Mechanical & Aerospace Engineering,Politics & International Studies (incl Development Studies),Art, Performing Arts & Design,Languages, Literature & Linguistics,Biological Sciences,Communication & Media Studies,Other Health,Electrical & Electronic Engineering,Sociology",FALSE,FALSE,
170,17,Columbia University,86.8,170,85.1,15,82.9,25,97.7,39,45,467,79.8,198,United States,"27,384",5.7,39%,,Columbia University,"Politics & International Studies (incl Development Studies),Economics & Econometrics,Communication & Media Studies,Civil Engineering,Geology, Environmental, Earth & Marine Sciences,Art, Performing Arts & Design,Mathematics & Statistics,Accounting & Finance,Agriculture & Forestry,Sport Science,Architecture,General Engineering,Chemical Engineering,Psychology,Law,Languages, Literature & Linguistics,Electrical & Electronic Engineering,History, Philosophy & Theology,Sociology,Computer Science,Chemistry,Archaeology,Other Health,Mechanical & Aerospace Engineering,Medicine & Dentistry,Biological Sciences,Physics & Astronomy,Business & Management",FALSE,FALSE,
180,18,University of Toronto,86,180,75.4,28,90.9,14,94.5,84,50,385,87.2,126,Canada,"74,502",20,22%,59:41:00,University of Toronto,"Politics & International Studies (incl Development Studies),Law,Education,Biological Sciences,Electrical & Electronic Engineering,Business & Management,Languages, Literature & Linguistics,General Engineering,Mathematics & Statistics,Accounting & Finance,Civil Engineering,Psychology,History, Philosophy & Theology,Mechanical & Aerospace Engineering,Geography,Economics & Econometrics,Chemistry,Communication & Media Studies,Archaeology,Medicine & Dentistry,Agriculture & Forestry,Geology, Environmental, Earth & Marine Sciences,Computer Science,Chemical Engineering,Sport Science,Sociology,Art, Performing Arts & Design,Physics & Astronomy,Other Health,Architecture",FALSE,FALSE,
190,19,Cornell University,85.3,190,78.8,23,86.7,23,97.2,46,36.3,948,73.7,258,United States,"23,016",10.2,25%,50:50:00,Cornell University,"Other Health,Biological Sciences,Psychology,Economics & Econometrics,Mathematics & Statistics,Languages, Literature & Linguistics,Electrical & Electronic Engineering,History, Philosophy & Theology,Sociology,Physics & Astronomy,Computer Science,Chemistry,Archaeology,Veterinary Science,Politics & International Studies (incl Development Studies),General Engineering,Chemical Engineering,Law,Architecture,Civil Engineering,Geology, Environmental, Earth & Marine Sciences,Mechanical & Aerospace Engineering,Art, Performing Arts & Design,Agriculture & Forestry,Business & Management,Communication & Media Studies",FALSE,FALSE,
200,20,Duke University,84.8,200,80.7,19,80.4,31,96.9,50,99.7,24,65.5,348,United States,"15,489",4.3,21%,49:51:00,Duke University,"Medicine & Dentistry,Psychology,Other Health,Biological Sciences,Computer Science,Agriculture & Forestry,Politics & International Studies (incl Development Studies),History, Philosophy & Theology,Languages, Literature & Linguistics,Communication & Media Studies,Accounting & Finance,General Engineering,Sociology,Business & Management,Civil Engineering,Chemistry,Mechanical & Aerospace Engineering,Physics & Astronomy,Art, Performing Arts & Design,Economics & Econometrics,Electrical & Electronic Engineering,Mathematics & Statistics,Geology, Environmental, Earth & Marine Sciences,Law",FALSE,FALSE,
210,20,Tsinghua University,84.8,210,87.7,12,94.9,7,78.8,286,100,15,51.1,575,China,"37,484",11.6,13%,34 : 66,Tsinghua University Qinghua University Tsing hua University Qing hua University,"Economics & Econometrics,Languages, Literature & Linguistics,Art, Performing Arts & Design,Geography,Education,Other Health,Communication & Media Studies,Sociology,Accounting & Finance,Architecture,Chemistry,Chemical Engineering,History, Philosophy & Theology,Physics & Astronomy,Mechanical & Aerospace Engineering,General Engineering,Business & Management,Medicine & Dentistry,Civil Engineering,Psychology,Electrical & Electronic Engineering,Mathematics & Statistics,Geology, Environmental, Earth & Marine Sciences,Sport Science,Computer Science,Archaeology,Politics & International Studies (incl Development Studies),Law,Biological Sciences",FALSE,FALSE,
220,22,University of Michigan-Ann Arbor,84,220,79,22,86.9,22,95.4,72,47.2,416,59.6,430,United States,"43,873",8.3,17%,50:50:00,University of Michigan-Ann Arbor,"Chemistry,Architecture,Agriculture & Forestry,Languages, Literature & Linguistics,Psychology,Sociology,Law,Computer Science,Chemical Engineering,Other Health,Archaeology,Mathematics & Statistics,Politics & International Studies (incl Development Studies),History, Philosophy & Theology,Civil Engineering,Electrical & Electronic Engineering,Art, Performing Arts & Design,Mechanical & Aerospace Engineering,Physics & Astronomy,Economics & Econometrics,General Engineering,Medicine & Dentistry,Education,Accounting & Finance,Biological Sciences,Sport Science,Business & Management,Communication & Media Studies,Geology, Environmental, Earth & Marine Sciences",FALSE,FALSE,
230,23,Peking University,83.9,230,89.6,8,91.3,13,75.4,325,96.3,50,61.2,399,China,"38,583",11.1,16%,43:57:00,Peking University,"Other Health,Physics & Astronomy,Business & Management,Psychology,Education,Biological Sciences,Medicine & Dentistry,Communication & Media Studies,Art, Performing Arts & Design,General Engineering,Chemistry,Languages, Literature & Linguistics,Mathematics & Statistics,Computer Science,Sociology,Archaeology,Accounting & Finance,Law,Geography,Economics & Econometrics,Mechanical & Aerospace Engineering,Politics & International Studies (incl Development Studies),History, Philosophy & Theology,Electrical & Electronic Engineering,Geology, Environmental, Earth & Marine Sciences",FALSE,FALSE,
240,24,Northwestern University,83.6,240,74.9,29,83.6,24,98.2,35,69.9,177,64.5,360,United States,"18,529",13,19%,49:51:00,Northwestern University,"Computer Science,Geography,Physics & Astronomy,Languages, Literature & Linguistics,Business & Management,Biological Sciences,Chemical Engineering,Geology, Environmental, Earth & Marine Sciences,Politics & International Studies (incl Development Studies),Accounting & Finance,Mathematics & Statistics,Civil Engineering,Sociology,Education,General Engineering,History, Philosophy & Theology,Architecture,Economics & Econometrics,Mechanical & Aerospace Engineering,Communication & Media Studies,Medicine & Dentistry,Law,Psychology,Art, Performing Arts & Design,Electrical & Electronic Engineering,Chemistry,Other Health",FALSE,FALSE,
250,25,National University of Singapore,83.5,250,75.9,27,90.8,15,81.5,247,77.8,130,94.8,40,Singapore,"30,943",18,26%,50:50:00,National University of Singapore nus,"Other Health,Sport Science,Accounting & Finance,Archaeology,Geology, Environmental, Earth & Marine Sciences,Communication & Media Studies,Physics & Astronomy,History, Philosophy & Theology,Psychology,Law,Agriculture & Forestry,General Engineering,Languages, Literature & Linguistics,Geography,Veterinary Science,Art, Performing Arts & Design,Business & Management,Politics & International Studies (incl Development Studies),Chemical Engineering,Computer Science,Electrical & Electronic Engineering,Economics & Econometrics,Chemistry,Mathematics & Statistics,Architecture,Sociology,Medicine & Dentistry,Biological Sciences,Civil Engineering,Mechanical & Aerospace Engineering",FALSE,FALSE,
260,26,New York University,81.9,260,76.1,26,80.6,28,96,64,37.3,854,69.6,306,United States,"44,474",8.8,34%,57:43:00,New York University,"Politics & International Studies (incl Development Studies),Mechanical & Aerospace Engineering,Physics & Astronomy,Medicine & Dentistry,Communication & Media Studies,Law,Art, Performing Arts & Design,Business & Management,Chemical Engineering,General Engineering,Computer Science,Accounting & Finance,Mathematics & Statistics,Sociology,Electrical & Electronic Engineering,Languages, Literature & Linguistics,Archaeology,Economics & Econometrics,Biological Sciences,Education,Geology, Environmental, Earth & Marine Sciences,Other Health,Architecture,Psychology,Civil Engineering,Chemistry,History, Philosophy & Theology",FALSE,FALSE,
270,27,London School of Economics and Political Science,81.4,270,68.5,34,82.5,26,94.3,90,34.1,1267,92.8,70,United Kingdom,"10,660",12,72%,54:46:00,London School of Economics and Political Science,"History, Philosophy & Theology,Mathematics & Statistics,Geography,Psychology,Accounting & Finance,Geology, Environmental, Earth & Marine Sciences,Communication & Media Studies,Economics & Econometrics,Languages, Literature & Linguistics,Politics & International Studies (incl Development Studies),Business & Management,Sociology,Law",FALSE,FALSE,
280,28,Carnegie Mellon University,81,280,65.1,43,81.3,27,98.9,27,53.3,332,80.5,186,United States,"14,058",13.7,48%,43:57:00,Carnegie Mellon University,"Accounting & Finance,Communication & Media Studies,Languages, Literature & Linguistics,Computer Science,Politics & International Studies (incl Development Studies),Civil Engineering,Business & Management,Economics & Econometrics,Mechanical & Aerospace Engineering,History, Philosophy & Theology,Biological Sciences,Art, Performing Arts & Design,Electrical & Electronic Engineering,Mathematics & Statistics,Chemical Engineering,Chemistry,Physics & Astronomy,Psychology,Architecture",FALSE,FALSE,
290,29,University of Washington,80.4,290,69.8,32,80.5,29,98.7,31,45.6,451,60.9,402,United States,"46,258",10.7,17%,53:47:00,University of Washington,"Psychology,History, Philosophy & Theology,Other Health,Chemistry,Languages, Literature & Linguistics,General Engineering,Chemical Engineering,Physics & Astronomy,Agriculture & Forestry,Computer Science,Biological Sciences,Archaeology,Education,Veterinary Science,Politics & International Studies (incl Development Studies),Accounting & Finance,Mechanical & Aerospace Engineering,Communication & Media Studies,Economics & Econometrics,Mathematics & Statistics,Architecture,Medicine & Dentistry,Electrical & Electronic Engineering,Sociology,Art, Performing Arts & Design,Civil Engineering,Geology, Environmental, Earth & Marine Sciences,Business & Management,Law,Geography",FALSE,FALSE,
300,30,University of Edinburgh,79.4,300,67.2,39,74.7,39,96,63,38.7,750,94.6,44,United Kingdom,"30,650",12.1,42%,60:40:00,University of Edinburgh,"Computer Science,Business & Management,Politics & International Studies (incl Development Studies),Accounting & Finance,Electrical & Electronic Engineering,Mathematics & Statistics,Veterinary Science,Archaeology,Physics & Astronomy,General Engineering,History, Philosophy & Theology,Mechanical & Aerospace Engineering,Architecture,Chemistry,Sport Science,Other Health,Sociology,Geography,Languages, Literature & Linguistics,Art, Performing Arts & Design,Civil Engineering,Education,Geology, Environmental, Earth & Marine Sciences,Medicine & Dentistry,Law,Chemical Engineering,Economics & Econometrics,Psychology,Biological Sciences",FALSE,FALSE,
310,31,University of Melbourne,78.9,310,67.1,40,76.3,36,90.1,134,74.2,146,93.9,56,Australia,"50,094",27,48%,57:43:00,University of Melbourne UniMelb Australia,"Art, Performing Arts & Design,Sociology,Medicine & Dentistry,Agriculture & Forestry,Sport Science,Law,Geology, Environmental, Earth & Marine Sciences,Economics & Econometrics,Languages, Literature & Linguistics,Computer Science,Physics & Astronomy,Electrical & Electronic Engineering,History, Philosophy & Theology,Geography,Chemical Engineering,Politics & International Studies (incl Development Studies),Education,Business & Management,Psychology,Biological Sciences,Archaeology,Mechanical & Aerospace Engineering,Veterinary Science,Communication & Media Studies,Other Health,Mathematics & Statistics,General Engineering,Accounting & Finance,Architecture,Chemistry,Civil Engineering",FALSE,FALSE,
320,32,LMU Munich,78.2,320,68.7,33,78.7,34,87.9,161,100,7,68.1,317,Germany,"34,249",33.6,17%,61:39:00,LMU Munich Ludwig-Maximilians-Universität München,"Psychology,Education,Computer Science,Business & Management,Law,Sociology,Medicine & Dentistry,Mathematics & Statistics,History, Philosophy & Theology,Biological Sciences,Geography,Other Health,Archaeology,Physics & Astronomy,Art, Performing Arts & Design,Chemistry,Communication & Media Studies,Economics & Econometrics,Geology, Environmental, Earth & Marine Sciences,Languages, Literature & Linguistics,Veterinary Science,Politics & International Studies (incl Development Studies)",FALSE,FALSE,
330,33,"University of California, San Diego",77.7,330,60.3,60,80.4,30,94.3,87,95.6,54,64.4,361,United States,"34,232",12,30%,47:53:00,"University of California, San Diego","Other Health,Computer Science,Chemical Engineering,Physics & Astronomy,Economics & Econometrics,General Engineering,Politics & International Studies (incl Development Studies),Medicine & Dentistry,Biological Sciences,Sociology,History, Philosophy & Theology,Education,Mathematics & Statistics,Business & Management,Electrical & Electronic Engineering,Communication & Media Studies,Mechanical & Aerospace Engineering,Art, Performing Arts & Design,Chemistry,Accounting & Finance,Civil Engineering,Psychology,Languages, Literature & Linguistics,Geology, Environmental, Earth & Marine Sciences",FALSE,FALSE,
340,34,University of British Columbia,76.4,340,62.1,53,75.1,37,90,136,44.7,479,94.7,42,Canada,"53,123",18.7,32%,55:45:00,University of British Columbia,"Psychology,Geography,Biological Sciences,General Engineering,Communication & Media Studies,Chemical Engineering,Mathematics & Statistics,Languages, Literature & Linguistics,Electrical & Electronic Engineering,Chemistry,Education,Civil Engineering,Other Health,Medicine & Dentistry,Accounting & Finance,Archaeology,Law,Geology, Environmental, Earth & Marine Sciences,Physics & Astronomy,Agriculture & Forestry,Economics & Econometrics,Politics & International Studies (incl Development Studies),Architecture,Art, Performing Arts & Design,Computer Science,Sport Science,Sociology,Mechanical & Aerospace Engineering,Business & Management,History, Philosophy & Theology",FALSE,FALSE,
350,35,King’s College London,76.1,350,57.3,68,72.4,46,96.6,53,43.6,513,95.4,33,United Kingdom,"27,400",12.4,46%,62:38:00,King’s College London,"Accounting & Finance,Geography,Economics & Econometrics,Computer Science,Geology, Environmental, Earth & Marine Sciences,History, Philosophy & Theology,Languages, Literature & Linguistics,Chemistry,Other Health,Law,Archaeology,Psychology,Electrical & Electronic Engineering,Medicine & Dentistry,Mechanical & Aerospace Engineering,Communication & Media Studies,Education,Mathematics & Statistics,General Engineering,Biological Sciences,Sport Science,Sociology,Art, Performing Arts & Design,Politics & International Studies (incl Development Studies),Physics & Astronomy,Business & Management",FALSE,FALSE,
360,36,Karolinska Institute,76,360,57.6,67,72.2,47,95.8,66,71.4,164,87.3,125,Sweden,"7,696",8.8,26%,68:32:00,Karolinska Institute,"Education,Psychology,Chemical Engineering,Other Health,Mathematics & Statistics,Medicine & Dentistry,Sociology,Languages, Literature & Linguistics,Biological Sciences,Geology, Environmental, Earth & Marine Sciences,Business & Management",FALSE,FALSE,
370,36,The University of Tokyo,76,370,87.9,11,90.7,16,57.7,580,82.6,108,40.1,823,Japan,"25,935",10.6,13%,,The University of Tokyo,"Economics & Econometrics,Geology, Environmental, Earth & Marine Sciences,Accounting & Finance,Chemical Engineering,Computer Science,Communication & Media Studies,Archaeology,General Engineering,Geography,Business & Management,Civil Engineering,Sport Science,Mechanical & Aerospace Engineering,Other Health,Physics & Astronomy,Biological Sciences,Law,Mathematics & Statistics,Languages, Literature & Linguistics,Veterinary Science,Electrical & Electronic Engineering,Medicine & Dentistry,History, Philosophy & Theology,Education,Politics & International Studies (incl Development Studies),Art, Performing Arts & Design,Agriculture & Forestry,Sociology,Architecture,Chemistry,Psychology",FALSE,FALSE,
380,38,Georgia Institute of Technology,75.8,380,59.5,61,76.8,35,91.1,121,65.8,207,78.9,206,United States,"26,043",23.6,27%,33 : 67,Georgia Institute of Technology,"Architecture,Computer Science,Business & Management,Chemistry,Economics & Econometrics,General Engineering,Geology, Environmental, Earth & Marine Sciences,Biological Sciences,Chemical Engineering,Mechanical & Aerospace Engineering,Politics & International Studies (incl Development Studies),Electrical & Electronic Engineering,Physics & Astronomy,History, Philosophy & Theology,Civil Engineering,Languages, Literature & Linguistics,Sociology,Accounting & Finance,Geography,Psychology,Art, Performing Arts & Design,Mathematics & Statistics",FALSE,FALSE,
390,39,University of Hong Kong,75.2,390,67.5,38,73.3,44,80.3,267,57.4,282,99,7,Hong Kong,"18,135",18.2,43%,54:46:00,University of Hong Kong,"Agriculture & Forestry,Art, Performing Arts & Design,Electrical & Electronic Engineering,Languages, Literature & Linguistics,Physics & Astronomy,Business & Management,Geography,Medicine & Dentistry,Biological Sciences,Other Health,Communication & Media Studies,Mathematics & Statistics,Accounting & Finance,Education,Law,Mechanical & Aerospace Engineering,Architecture,Psychology,Economics & Econometrics,Chemistry,General Engineering,History, Philosophy & Theology,Civil Engineering,Politics & International Studies (incl Development Studies),Geology, Environmental, Earth & Marine Sciences,Computer Science,Sociology",FALSE,FALSE,
400,40,McGill University,75.1,400,64.2,45,73.4,43,86.4,182,43.7,508,91.3,88,Canada,"31,578",12.8,31%,59:41:00,McGill University,"Accounting & Finance,Education,Biological Sciences,Art, Performing Arts & Design,Archaeology,Law,Politics & International Studies (incl Development Studies),Other Health,Computer Science,Mathematics & Statistics,Architecture,Languages, Literature & Linguistics,Civil Engineering,Psychology,Business & Management,Chemistry,Mechanical & Aerospace Engineering,Geology, Environmental, Earth & Marine Sciences,Economics & Econometrics,Medicine & Dentistry,Sport Science,Sociology,History, Philosophy & Theology,Chemical Engineering,Agriculture & Forestry,Geography,General Engineering,Physics & Astronomy,Electrical & Electronic Engineering,Communication & Media Studies",FALSE,FALSE,
410,41,Technical University of Munich,74.8,410,63.8,49,73.6,42,85,209,100,14,74.4,250,Germany,"32,377",39.8,31%,36 : 64,Technical University of Munich,"Chemical Engineering,Chemistry,Mechanical & Aerospace Engineering,Politics & International Studies (incl Development Studies),Other Health,Geology, Environmental, Earth & Marine Sciences,Medicine & Dentistry,Biological Sciences,Electrical & Electronic Engineering,Accounting & Finance,Business & Management,Civil Engineering,Physics & Astronomy,Computer Science,Mathematics & Statistics,Education,Sport Science,Architecture,General Engineering,Agriculture & Forestry,Sociology",FALSE,FALSE,
420,42,Universität Heidelberg,74.3,420,67.5,37,61.7,71,96.6,52,56.9,285,68.4,314,Germany,"20,020",14.5,18%,54:46:00,Universität Heidelberg,"History, Philosophy & Theology,Sport Science,Physics & Astronomy,Geology, Environmental, Earth & Marine Sciences,Law,Education,Mathematics & Statistics,Geography,Politics & International Studies (incl Development Studies),Computer Science,Economics & Econometrics,Other Health,Psychology,Chemistry,Sociology,Archaeology,Art, Performing Arts & Design,Biological Sciences,Languages, Literature & Linguistics,Medicine & Dentistry",FALSE,FALSE,
430,43,École Polytechnique Fédérale de Lausanne,74.1,430,63.9,47,66.7,56,85.8,193,73.3,150,98.5,9,Switzerland,"10,942",12.2,60%,29 : 71,École Polytechnique Fédérale de Lausanne,"Architecture,General Engineering,Chemistry,Computer Science,Electrical & Electronic Engineering,Biological Sciences,Chemical Engineering,Civil Engineering,Mathematics & Statistics,Physics & Astronomy,Economics & Econometrics,Mechanical & Aerospace Engineering",FALSE,FALSE,
440,44,University of Texas at Austin,74,440,67.9,36,74.8,38,90.5,129,46.2,435,39.4,838,United States,"49,510",16.9,10%,52:48:00,University of Texas at Austin,"Architecture,Business & Management,Law,Communication & Media Studies,Biological Sciences,Economics & Econometrics,Psychology,Education,Sport Science,History, Philosophy & Theology,Computer Science,Physics & Astronomy,Archaeology,Medicine & Dentistry,Electrical & Electronic Engineering,Sociology,General Engineering,Languages, Literature & Linguistics,Politics & International Studies (incl Development Studies),Art, Performing Arts & Design,Chemical Engineering,Mathematics & Statistics,Accounting & Finance,Mechanical & Aerospace Engineering,Geography,Civil Engineering,Geology, Environmental, Earth & Marine Sciences,Other Health,Chemistry",FALSE,FALSE,
450,45,KU Leuven,73.7,450,58.7,63,74.4,40,86.1,190,97.2,43,72.7,271,Belgium,"45,617",36.1,15%,50:50:00,KU Leuven,"Electrical & Electronic Engineering,Chemistry,Accounting & Finance,Sport Science,Politics & International Studies (incl Development Studies),Chemical Engineering,Business & Management,Education,General Engineering,Psychology,Economics & Econometrics,Computer Science,Mechanical & Aerospace Engineering,Geography,Art, Performing Arts & Design,Physics & Astronomy,History, Philosophy & Theology,Other Health,Civil Engineering,Biological Sciences,Communication & Media Studies,Archaeology,Mathematics & Statistics,Languages, Literature & Linguistics,Sociology,Agriculture & Forestry,Architecture,Geology, Environmental, Earth & Marine Sciences,Law,Medicine & Dentistry",FALSE,FALSE,
460,46,Paris Sciences et Lettres – PSL Research University Paris,73.6,460,71.2,31,73,45,75.9,320,61.7,243,80.6,185,France,"20,701",14.7,24%,46:54:00,Paris Sciences et Lettres – PSL Research University Paris,"History, Philosophy & Theology,Art, Performing Arts & Design,Geology, Environmental, Earth & Marine Sciences,Archaeology,Chemistry,Accounting & Finance,Mechanical & Aerospace Engineering,Other Health,Politics & International Studies (incl Development Studies),Chemical Engineering,General Engineering,Communication & Media Studies,Languages, Literature & Linguistics,Law,Civil Engineering,Economics & Econometrics,Sociology,Electrical & Electronic Engineering,Mathematics & Statistics,Business & Management,Geography,Physics & Astronomy,Biological Sciences,Computer Science",FALSE,FALSE,
470,47,"Nanyang Technological University, Singapore",72.7,470,57.1,70,71.9,48,83,227,83.2,105,94,54,Singapore,"23,902",14.8,25%,48:52:00,"Nanyang Technological University, Singapore NTU Nan yang","Civil Engineering,Economics & Econometrics,Psychology,Education,Sport Science,Sociology,Politics & International Studies (incl Development Studies),Accounting & Finance,Electrical & Electronic Engineering,Biological Sciences,Geology, Environmental, Earth & Marine Sciences,Medicine & Dentistry,Languages, Literature & Linguistics,Business & Management,Mechanical & Aerospace Engineering,Chemistry,Communication & Media Studies,Other Health,Computer Science,General Engineering,Physics & Astronomy,Chemical Engineering,Mathematics & Statistics,Art, Performing Arts & Design,History, Philosophy & Theology",FALSE,FALSE,
480,48,University of Illinois at Urbana-Champaign,72.3,480,62.5,51,79.1,33,81.3,250,49.5,390,55.1,505,United States,"45,980",17.8,24%,48:52:00,University of Illinois at Urbana-Champaign,"Art, Performing Arts & Design,Computer Science,Archaeology,General Engineering,Communication & Media Studies,Geology, Environmental, Earth & Marine Sciences,Economics & Econometrics,Law,Architecture,Mechanical & Aerospace Engineering,Mathematics & Statistics,Chemical Engineering,Business & Management,Geography,History, Philosophy & Theology,Other Health,Sport Science,Psychology,Medicine & Dentistry,Agriculture & Forestry,Politics & International Studies (incl Development Studies),Chemistry,Electrical & Electronic Engineering,Sociology,Languages, Literature & Linguistics,Education,Accounting & Finance,Civil Engineering,Veterinary Science,Biological Sciences,Physics & Astronomy",FALSE,FALSE,
490,49,University of Wisconsin-Madison,71.4,490,68.2,35,71.4,50,82.5,236,45,472,48.4,621,United States,"39,451",9.8,13%,,University of Wisconsin-Madison,"Sport Science,Geography,Civil Engineering,Computer Science,Psychology,Physics & Astronomy,Medicine & Dentistry,Agriculture & Forestry,Accounting & Finance,Law,Art, Performing Arts & Design,Education,Economics & Econometrics,Mechanical & Aerospace Engineering,Biological Sciences,Politics & International Studies (incl Development Studies),Business & Management,Geology, Environmental, Earth & Marine Sciences,Other Health,History, Philosophy & Theology,Veterinary Science,General Engineering,Mathematics & Statistics,Languages, Literature & Linguistics,Sociology,Chemistry,Architecture,Chemical Engineering,Communication & Media Studies,Electrical & Electronic Engineering",FALSE,FALSE,
500,50,Washington University in St Louis,71.1,500,61.2,54,58.7,87,99,26,40.4,657,59.1,439,United States,"13,693",7.5,21%,,Washington University in St Louis,"General Engineering,Languages, Literature & Linguistics,Computer Science,Geology, Environmental, Earth & Marine Sciences,Law,Psychology,Biological Sciences,Chemistry,Education,Architecture,Communication & Media Studies,History, Philosophy & Theology,Medicine & Dentistry,Economics & Econometrics,Sociology,Chemical Engineering,Business & Management,Mathematics & Statistics,Electrical & Electronic Engineering,Accounting & Finance,Archaeology,Other Health,Mechanical & Aerospace Engineering,Art, Performing Arts & Design,Politics & International Studies (incl Development Studies),Physics & Astronomy",FALSE,FALSE,
10,1,University of Oxford,95.7,10,91,5,99.6,1,98,40,74.4,161,96.3,26,United Kingdom,"20,835",10.7,42%,47:53:00,University of Oxford,"Accounting & Finance,General Engineering,Communication & Media Studies,Biological Sciences,Art, Performing Arts & Design,Other Health,Mathematics & Statistics,Education,Civil Engineering,Medicine & Dentistry,Politics & International Studies (incl Development Studies),Languages, Literature & Linguistics,Electrical & Electronic Engineering,Physics & Astronomy,Economics & Econometrics,Law,Sociology,Business & Management,Mechanical & Aerospace Engineering,Geography,History, Philosophy & Theology,Computer Science,Chemistry,Chemical Engineering,Psychology,Archaeology,Geology, Environmental, Earth & Marine Sciences",FALSE,FALSE,
20,2,California Institute of Technology,95,20,93.6,2,96.9,4,97.8,44,90.4,78,83.8,167,United States,"2,233",6.3,34%,36 : 64,California Institute of Technology caltech,"Languages, Literature & Linguistics,Economics & Econometrics,Civil Engineering,Mathematics & Statistics,General Engineering,Electrical & Electronic Engineering,Geology, Environmental, Earth & Marine Sciences,Computer Science,Politics & International Studies (incl Development Studies),Physics & Astronomy,Chemical Engineering,Business & Management,Biological Sciences,History, Philosophy & Theology,Chemistry,Mechanical & Aerospace Engineering",FALSE,FALSE,
30,2,Harvard University,95,30,94.5,1,98.9,3,99.2,19,48.9,418,79.8,209,United States,"21,574",9.5,24%,50:50:00,Harvard University,"Mathematics & Statistics,Civil Engineering,Languages, Literature & Linguistics,Art, Performing Arts & Design,Business & Management,General Engineering,Geography,Archaeology,Geology, Environmental, Earth & Marine Sciences,Computer Science,Chemistry,Sociology,Mechanical & Aerospace Engineering,Accounting & Finance,Other Health,Electrical & Electronic Engineering,Politics & International Studies (incl Development Studies),Agriculture & Forestry,Psychology,Economics & Econometrics,Communication & Media Studies,Biological Sciences,Architecture,Medicine & Dentistry,Law,Physics & Astronomy,Education,History, Philosophy & Theology",FALSE,FALSE,
40,4,Stanford University,94.9,40,92.3,3,96.8,5,99.9,13,91,74,79.7,211,United States,"16,319",7.3,23%,46:54:00,Stanford University,"Physics & Astronomy,Computer Science,Politics & International Studies (incl Development Studies),Art, Performing Arts & Design,Geology, Environmental, Earth & Marine Sciences,Agriculture & Forestry,Medicine & Dentistry,Education,Communication & Media Studies,Chemistry,Mechanical & Aerospace Engineering,Languages, Literature & Linguistics,History, Philosophy & Theology,Psychology,Mathematics & Statistics,Biological Sciences,Sociology,Law,Accounting & Finance,Business & Management,Archaeology,General Engineering,Civil Engineering,Chemical Engineering,Other Health,Economics & Econometrics,Electrical & Electronic Engineering,Veterinary Science",FALSE,FALSE,
50,5,University of Cambridge,94.6,50,90.9,6,99.5,2,96.2,65,56.7,300,95.8,32,United Kingdom,"19,680",11.1,39%,47:53:00,University of Cambridge,"Business & Management,General Engineering,Art, Performing Arts & Design,Chemical Engineering,Archaeology,Education,Chemistry,Architecture,Other Health,Veterinary Science,Sociology,Medicine & Dentistry,Mechanical & Aerospace Engineering,Psychology,Languages, Literature & Linguistics,Electrical & Electronic Engineering,Geography,Accounting & Finance,Biological Sciences,Computer Science,Politics & International Studies (incl Development Studies),Economics & Econometrics,Law,Geology, Environmental, Earth & Marine Sciences,History, Philosophy & Theology,Civil Engineering,Physics & Astronomy,Mathematics & Statistics",FALSE,FALSE,
60,5,Massachusetts Institute of Technology,94.6,60,90.9,7,94.4,10,99.7,16,93.7,61,89.9,106,United States,"11,459",8.4,33%,40 : 60,Massachusetts Institute of Technology,"Mathematics & Statistics,Languages, Literature & Linguistics,Physics & Astronomy,History, Philosophy & Theology,Other Health,General Engineering,Biological Sciences,Computer Science,Architecture,Geology, Environmental, Earth & Marine Sciences,Psychology,Mechanical & Aerospace Engineering,Art, Performing Arts & Design,Chemistry,Chemical Engineering,Business & Management,Accounting & Finance,Electrical & Electronic Engineering,Communication & Media Studies,Archaeology,Civil Engineering,Economics & Econometrics,Politics & International Studies (incl Development Studies)",FALSE,FALSE,
70,7,Princeton University,93.6,70,89.5,9,96,7,99,27,88.8,84,80.7,197,United States,"7,753",7.5,23%,47:53:00,Princeton University,"Languages, Literature & Linguistics,Biological Sciences,Other Health,Psychology,Sociology,Mechanical & Aerospace Engineering,Computer Science,Politics & International Studies (incl Development Studies),Economics & Econometrics,Chemistry,Chemical Engineering,Mathematics & Statistics,History, Philosophy & Theology,Civil Engineering,Physics & Astronomy,Architecture,Agriculture & Forestry,General Engineering,Art, Performing Arts & Design,Electrical & Electronic Engineering,Geology, Environmental, Earth & Marine Sciences",FALSE,FALSE,
80,8,"University of California, Berkeley",92.2,80,85.7,14,96,6,99.1,21,84.7,104,77.6,234,United States,"40,306",18.9,23%,51:49:00,"University of California, Berkeley","Communication & Media Studies,Education,Civil Engineering,Languages, Literature & Linguistics,Mathematics & Statistics,History, Philosophy & Theology,Agriculture & Forestry,Psychology,Economics & Econometrics,Mechanical & Aerospace Engineering,Geography,Chemical Engineering,Business & Management,Archaeology,Law,Physics & Astronomy,Politics & International Studies (incl Development Studies),Architecture,Biological Sciences,Sociology,Geology, Environmental, Earth & Marine Sciences,Computer Science,Electrical & Electronic Engineering,Art, Performing Arts & Design,Chemistry,General Engineering,Other Health",FALSE,FALSE,
90,9,Yale University,90.8,90,90.7,8,93,12,97,55,56.2,306,69.9,323,United States,"13,317",5.9,21%,51:49:00,Yale University,"Economics & Econometrics,Medicine & Dentistry,Mathematics & Statistics,Politics & International Studies (incl Development Studies),Other Health,Accounting & Finance,Architecture,Law,Art, Performing Arts & Design,Mechanical & Aerospace Engineering,Agriculture & Forestry,History, Philosophy & Theology,General Engineering,Electrical & Electronic Engineering,Chemistry,Physics & Astronomy,Archaeology,Biological Sciences,Computer Science,Psychology,Business & Management,Chemical Engineering,Languages, Literature & Linguistics,Geology, Environmental, Earth & Marine Sciences,Sociology",FALSE,FALSE,
100,10,The University of Chicago,89.8,100,87.2,12,90.6,15,98.3,36,56.3,304,74.4,261,United States,"14,895",6.1,33%,46:54:00,The University of Chicago,"Business & Management,Physics & Astronomy,Economics & Econometrics,Psychology,Accounting & Finance,Law,Politics & International Studies (incl Development Studies),Chemical Engineering,Sociology,Archaeology,Computer Science,Art, Performing Arts & Design,Geography,Biological Sciences,Languages, Literature & Linguistics,Geology, Environmental, Earth & Marine Sciences,History, Philosophy & Theology,Mathematics & Statistics,Medicine & Dentistry,Chemistry",FALSE,FALSE,
110,11,Columbia University,89.6,110,87.8,11,89.6,19,97.3,50,48,440,79.8,208,United States,"21,608",4.6,35%,,Columbia University,"Politics & International Studies (incl Development Studies),Economics & Econometrics,Communication & Media Studies,Civil Engineering,Geology, Environmental, Earth & Marine Sciences,Art, Performing Arts & Design,Mathematics & Statistics,Accounting & Finance,Agriculture & Forestry,Sport Science,Architecture,General Engineering,Chemical Engineering,Psychology,Law,Languages, Literature & Linguistics,Electrical & Electronic Engineering,History, Philosophy & Theology,Sociology,Computer Science,Chemistry,Archaeology,Other Health,Mechanical & Aerospace Engineering,Medicine & Dentistry,Biological Sciences,Physics & Astronomy,Business & Management",FALSE,FALSE,
120,12,Imperial College London,89.3,120,81.4,17,88.3,22,97.6,46,70.8,187,97.5,15,United Kingdom,"17,715",11.2,59%,40 : 60,Imperial College London,"Mechanical & Aerospace Engineering,General Engineering,Mathematics & Statistics,Medicine & Dentistry,Chemical Engineering,Physics & Astronomy,Geology, Environmental, Earth & Marine Sciences,Computer Science,Chemistry,Civil Engineering,Other Health,Electrical & Electronic Engineering,Biological Sciences",FALSE,FALSE,
130,13,Johns Hopkins University,88.4,130,80,20,90.8,14,97.2,52,93.7,60,74.6,260,United States,"16,552",4.3,28%,52:48:00,Johns Hopkins University,"Sociology,General Engineering,Politics & International Studies (incl Development Studies),Electrical & Electronic Engineering,Accounting & Finance,Archaeology,Psychology,Biological Sciences,Art, Performing Arts & Design,Business & Management,Civil Engineering,Geology, Environmental, Earth & Marine Sciences,Medicine & Dentistry,Economics & Econometrics,Chemical Engineering,Education,Languages, Literature & Linguistics,Chemistry,Other Health,Physics & Astronomy,Computer Science,Mathematics & Statistics,Mechanical & Aerospace Engineering,History, Philosophy & Theology",FALSE,FALSE,
140,13,University of Pennsylvania,88.4,140,84.5,15,89.2,20,97.1,53,77.6,138,69.7,326,United States,"21,211",6.4,22%,53:47:00,University of Pennsylvania,"Economics & Econometrics,Archaeology,Medicine & Dentistry,Geography,Accounting & Finance,Geology, Environmental, Earth & Marine Sciences,Law,Veterinary Science,Sociology,Biological Sciences,Psychology,Civil Engineering,Computer Science,Sport Science,Languages, Literature & Linguistics,Mathematics & Statistics,Communication & Media Studies,Agriculture & Forestry,Other Health,Business & Management,Mechanical & Aerospace Engineering,Politics & International Studies (incl Development Studies),Chemistry,Electrical & Electronic Engineering,Art, Performing Arts & Design,Chemical Engineering,Education,Architecture,Physics & Astronomy,General Engineering,History, Philosophy & Theology",FALSE,FALSE,
150,15,ETH Zurich,88.2,150,81.3,18,92.4,13,90.7,128,62.5,243,97.9,13,Switzerland,"20,428",14.4,41%,32 : 68,ETH Zurich,"Mathematics & Statistics,Mechanical & Aerospace Engineering,Accounting & Finance,Chemical Engineering,Economics & Econometrics,Politics & International Studies (incl Development Studies),General Engineering,Business & Management,Electrical & Electronic Engineering,Physics & Astronomy,Civil Engineering,Agriculture & Forestry,Medicine & Dentistry,Other Health,Sport Science,Geology, Environmental, Earth & Marine Sciences,Computer Science,Biological Sciences,Architecture,Education,Chemistry",FALSE,FALSE,
160,16,Peking University,87.5,160,91.4,4,94.6,9,81.7,258,93.1,63,65.1,381,China,"31,606",10.2,19%,46:54:00,Peking University,"Other Health,Physics & Astronomy,Business & Management,Psychology,Education,Biological Sciences,Medicine & Dentistry,Communication & Media Studies,Art, Performing Arts & Design,General Engineering,Chemistry,Languages, Literature & Linguistics,Mathematics & Statistics,Computer Science,Sociology,Archaeology,Accounting & Finance,Law,Geography,Economics & Econometrics,Mechanical & Aerospace Engineering,Politics & International Studies (incl Development Studies),History, Philosophy & Theology,Electrical & Electronic Engineering,Geology, Environmental, Earth & Marine Sciences",FALSE,FALSE,
170,16,Tsinghua University,87.5,170,88.1,10,95.7,8,86.8,192,100,11,50.6,622,China,"38,221",11.5,13%,34 : 66,Tsinghua University Qinghua University Tsing hua University Qing hua University,"Economics & Econometrics,Languages, Literature & Linguistics,Art, Performing Arts & Design,Geography,Education,Other Health,Communication & Media Studies,Sociology,Accounting & Finance,Architecture,Chemistry,Chemical Engineering,History, Philosophy & Theology,Physics & Astronomy,Mechanical & Aerospace Engineering,General Engineering,Business & Management,Medicine & Dentistry,Civil Engineering,Psychology,Electrical & Electronic Engineering,Mathematics & Statistics,Geology, Environmental, Earth & Marine Sciences,Sport Science,Computer Science,Archaeology,Politics & International Studies (incl Development Studies),Law,Biological Sciences",FALSE,FALSE,
180,18,University of Toronto,87.2,180,77.6,25,93,11,92.6,112,61.2,256,89.1,117,Canada,"75,821",25.5,25%,57:43:00,University of Toronto,"Politics & International Studies (incl Development Studies),Law,Education,Biological Sciences,Electrical & Electronic Engineering,Business & Management,Languages, Literature & Linguistics,General Engineering,Mathematics & Statistics,Accounting & Finance,Civil Engineering,Psychology,History, Philosophy & Theology,Mechanical & Aerospace Engineering,Geography,Economics & Econometrics,Chemistry,Communication & Media Studies,Archaeology,Medicine & Dentistry,Agriculture & Forestry,Geology, Environmental, Earth & Marine Sciences,Computer Science,Chemical Engineering,Sport Science,Sociology,Art, Performing Arts & Design,Physics & Astronomy,Other Health,Architecture",FALSE,FALSE,
190,18,UCL,87.2,190,76.8,26,88.9,21,96.9,58,44.7,535,96.7,22,United Kingdom,"35,760",10.6,57%,58:42:00,UCL ucl UCL,"Archaeology,Chemical Engineering,Geology, Environmental, Earth & Marine Sciences,History, Philosophy & Theology,Civil Engineering,Physics & Astronomy,Education,Psychology,Computer Science,Mathematics & Statistics,Architecture,Chemistry,Medicine & Dentistry,General Engineering,Economics & Econometrics,Law,Geography,Business & Management,Mechanical & Aerospace Engineering,Politics & International Studies (incl Development Studies),Art, Performing Arts & Design,Languages, Literature & Linguistics,Biological Sciences,Communication & Media Studies,Other Health,Electrical & Electronic Engineering,Sociology",FALSE,FALSE,
200,20,"University of California, Los Angeles",86.7,200,82.1,16,89.8,18,96,66,56.5,301,65.1,380,United States,"42,054",10,17%,55:45:00,"University of California, Los Angeles","Chemical Engineering,Psychology,Biological Sciences,Mechanical & Aerospace Engineering,Medicine & Dentistry,General Engineering,Communication & Media Studies,Agriculture & Forestry,Business & Management,Politics & International Studies (incl Development Studies),Accounting & Finance,Art, Performing Arts & Design,History, Philosophy & Theology,Computer Science,Chemistry,Sociology,Languages, Literature & Linguistics,Sport Science,Other Health,Civil Engineering,Geology, Environmental, Earth & Marine Sciences,Archaeology,Mathematics & Statistics,Education,Economics & Econometrics,Geography,Architecture,Physics & Astronomy,Electrical & Electronic Engineering,Law,Veterinary Science",FALSE,FALSE,
210,21,National University of Singapore,85.2,210,76.3,27,90.6,16,87.3,182,75.4,154,94.4,56,Singapore,"31,819",18.8,25%,50:50:00,National University of Singapore nus,"Other Health,Sport Science,Accounting & Finance,Archaeology,Geology, Environmental, Earth & Marine Sciences,Communication & Media Studies,Physics & Astronomy,History, Philosophy & Theology,Psychology,Law,Agriculture & Forestry,General Engineering,Languages, Literature & Linguistics,Geography,Veterinary Science,Art, Performing Arts & Design,Business & Management,Politics & International Studies (incl Development Studies),Chemical Engineering,Computer Science,Electrical & Electronic Engineering,Economics & Econometrics,Chemistry,Mathematics & Statistics,Architecture,Sociology,Medicine & Dentistry,Biological Sciences,Civil Engineering,Mechanical & Aerospace Engineering",FALSE,FALSE,
220,22,Cornell University,85,220,78.6,22,85.4,23,97.2,51,38.3,939,75.4,256,United States,"23,600",10.3,25%,50:50:00,Cornell University,"Other Health,Biological Sciences,Psychology,Economics & Econometrics,Mathematics & Statistics,Languages, Literature & Linguistics,Electrical & Electronic Engineering,History, Philosophy & Theology,Sociology,Physics & Astronomy,Computer Science,Chemistry,Archaeology,Veterinary Science,Politics & International Studies (incl Development Studies),General Engineering,Chemical Engineering,Law,Architecture,Civil Engineering,Geology, Environmental, Earth & Marine Sciences,Mechanical & Aerospace Engineering,Art, Performing Arts & Design,Agriculture & Forestry,Business & Management,Communication & Media Studies",FALSE,FALSE,
230,23,Duke University,83.5,230,79.2,21,78.6,31,95.6,70,99,28,66.6,364,United States,"15,785",4.2,22%,52:48:00,Duke University,"Medicine & Dentistry,Psychology,Other Health,Biological Sciences,Computer Science,Agriculture & Forestry,Politics & International Studies (incl Development Studies),History, Philosophy & Theology,Languages, Literature & Linguistics,Communication & Media Studies,Accounting & Finance,General Engineering,Sociology,Business & Management,Civil Engineering,Chemistry,Mechanical & Aerospace Engineering,Physics & Astronomy,Art, Performing Arts & Design,Economics & Econometrics,Electrical & Electronic Engineering,Mathematics & Statistics,Geology, Environmental, Earth & Marine Sciences,Law",FALSE,FALSE,
240,24,University of Michigan-Ann Arbor,83.1,240,78.6,23,85.4,24,94,93,48.9,419,59.5,467,United States,"44,663",8.1,17%,50:50:00,University of Michigan-Ann Arbor,"Chemistry,Architecture,Agriculture & Forestry,Languages, Literature & Linguistics,Psychology,Sociology,Law,Computer Science,Chemical Engineering,Other Health,Archaeology,Mathematics & Statistics,Politics & International Studies (incl Development Studies),History, Philosophy & Theology,Civil Engineering,Electrical & Electronic Engineering,Art, Performing Arts & Design,Mechanical & Aerospace Engineering,Physics & Astronomy,Economics & Econometrics,General Engineering,Medicine & Dentistry,Education,Accounting & Finance,Biological Sciences,Sport Science,Business & Management,Communication & Media Studies,Geology, Environmental, Earth & Marine Sciences",FALSE,FALSE,
250,24,Northwestern University,83.1,250,74.3,29,82.1,26,97.6,47,81.6,112,65.3,378,United States,"18,735",13,19%,50:50:00,Northwestern University,"Computer Science,Geography,Physics & Astronomy,Languages, Literature & Linguistics,Business & Management,Biological Sciences,Chemical Engineering,Geology, Environmental, Earth & Marine Sciences,Politics & International Studies (incl Development Studies),Accounting & Finance,Mathematics & Statistics,Civil Engineering,Sociology,Education,General Engineering,History, Philosophy & Theology,Architecture,Economics & Econometrics,Mechanical & Aerospace Engineering,Communication & Media Studies,Medicine & Dentistry,Law,Psychology,Art, Performing Arts & Design,Electrical & Electronic Engineering,Chemistry,Other Health",FALSE,FALSE,
260,26,New York University,82.4,260,75.4,28,83.1,25,94.7,82,41.4,692,72.3,288,United States,"45,424",11,35%,57:43:00,New York University,"Politics & International Studies (incl Development Studies),Mechanical & Aerospace Engineering,Physics & Astronomy,Medicine & Dentistry,Communication & Media Studies,Law,Art, Performing Arts & Design,Business & Management,Chemical Engineering,General Engineering,Computer Science,Accounting & Finance,Mathematics & Statistics,Sociology,Electrical & Electronic Engineering,Languages, Literature & Linguistics,Archaeology,Economics & Econometrics,Biological Sciences,Education,Geology, Environmental, Earth & Marine Sciences,Other Health,Architecture,Psychology,Civil Engineering,Chemistry,History, Philosophy & Theology",FALSE,FALSE,
270,27,London School of Economics and Political Science,80.8,270,68,34,80.8,27,94.4,85,35.8,1278,92.7,77,United Kingdom,"10,910",12.1,72%,53:47:00,London School of Economics and Political Science,"History, Philosophy & Theology,Mathematics & Statistics,Geography,Psychology,Accounting & Finance,Geology, Environmental, Earth & Marine Sciences,Communication & Media Studies,Economics & Econometrics,Languages, Literature & Linguistics,Politics & International Studies (incl Development Studies),Business & Management,Sociology,Law",FALSE,FALSE,
280,28,Carnegie Mellon University,80.6,280,64.7,44,80,28,99,26,59,275,80.8,195,United States,"14,163",13.5,47%,43:57:00,Carnegie Mellon University,"Accounting & Finance,Communication & Media Studies,Languages, Literature & Linguistics,Computer Science,Politics & International Studies (incl Development Studies),Civil Engineering,Business & Management,Economics & Econometrics,Mechanical & Aerospace Engineering,History, Philosophy & Theology,Biological Sciences,Art, Performing Arts & Design,Electrical & Electronic Engineering,Mathematics & Statistics,Chemical Engineering,Chemistry,Physics & Astronomy,Psychology,Architecture",FALSE,FALSE,
290,29,University of Washington,79.8,290,68.8,32,78.8,30,99,28,46.3,492,61.7,431,United States,"52,059",11.6,17%,54:46:00,University of Washington,"Psychology,History, Philosophy & Theology,Other Health,Chemistry,Languages, Literature & Linguistics,General Engineering,Chemical Engineering,Physics & Astronomy,Agriculture & Forestry,Computer Science,Biological Sciences,Archaeology,Education,Veterinary Science,Politics & International Studies (incl Development Studies),Accounting & Finance,Mechanical & Aerospace Engineering,Communication & Media Studies,Economics & Econometrics,Mathematics & Statistics,Architecture,Medicine & Dentistry,Electrical & Electronic Engineering,Sociology,Art, Performing Arts & Design,Civil Engineering,Geology, Environmental, Earth & Marine Sciences,Business & Management,Law,Geography",FALSE,FALSE,
300,30,University of Edinburgh,78.9,300,66.1,42,74.2,36,95.6,71,40.2,775,95.2,41,United Kingdom,"31,630",12.1,44%,61:39:00,University of Edinburgh,"Computer Science,Business & Management,Politics & International Studies (incl Development Studies),Accounting & Finance,Electrical & Electronic Engineering,Mathematics & Statistics,Veterinary Science,Archaeology,Physics & Astronomy,General Engineering,History, Philosophy & Theology,Mechanical & Aerospace Engineering,Architecture,Chemistry,Sport Science,Other Health,Sociology,Geography,Languages, Literature & Linguistics,Art, Performing Arts & Design,Civil Engineering,Education,Geology, Environmental, Earth & Marine Sciences,Medicine & Dentistry,Law,Chemical Engineering,Economics & Econometrics,Psychology,Biological Sciences",FALSE,FALSE,
310,30,University of Hong Kong,78.9,310,66.2,41,72.2,41,95,78,58.5,282,98.8,7,Hong Kong,"18,037",18.3,43%,54:46:00,University of Hong Kong,"Agriculture & Forestry,Art, Performing Arts & Design,Electrical & Electronic Engineering,Languages, Literature & Linguistics,Physics & Astronomy,Business & Management,Geography,Medicine & Dentistry,Biological Sciences,Other Health,Communication & Media Studies,Mathematics & Statistics,Accounting & Finance,Education,Law,Mechanical & Aerospace Engineering,Architecture,Psychology,Economics & Econometrics,Chemistry,General Engineering,History, Philosophy & Theology,Civil Engineering,Politics & International Studies (incl Development Studies),Geology, Environmental, Earth & Marine Sciences,Computer Science,Sociology",FALSE,FALSE,
320,32,LMU Munich,78.6,320,68.1,33,77.9,32,90.3,141,100,5,69.1,334,Germany,"34,274",33.7,18%,61:39:00,LMU Munich Ludwig-Maximilians-Universität München,"Psychology,Education,Computer Science,Business & Management,Law,Sociology,Medicine & Dentistry,Mathematics & Statistics,History, Philosophy & Theology,Biological Sciences,Geography,Other Health,Archaeology,Physics & Astronomy,Art, Performing Arts & Design,Chemistry,Communication & Media Studies,Economics & Econometrics,Geology, Environmental, Earth & Marine Sciences,Languages, Literature & Linguistics,Veterinary Science,Politics & International Studies (incl Development Studies)",FALSE,FALSE,
330,33,University of Melbourne,77.8,330,67.5,37,73.8,38,88.4,169,74.9,158,94,58,Australia,"52,098",26.5,50%,57:43:00,University of Melbourne UniMelb Australia,"Art, Performing Arts & Design,Sociology,Medicine & Dentistry,Agriculture & Forestry,Sport Science,Law,Geology, Environmental, Earth & Marine Sciences,Economics & Econometrics,Languages, Literature & Linguistics,Computer Science,Physics & Astronomy,Electrical & Electronic Engineering,History, Philosophy & Theology,Geography,Chemical Engineering,Politics & International Studies (incl Development Studies),Education,Business & Management,Psychology,Biological Sciences,Archaeology,Mechanical & Aerospace Engineering,Veterinary Science,Communication & Media Studies,Other Health,Mathematics & Statistics,General Engineering,Accounting & Finance,Architecture,Chemistry,Civil Engineering",FALSE,FALSE,
340,34,"University of California, San Diego",77.7,340,60.5,56,75.6,34,97.9,41,96.6,45,68.1,342,United States,"36,256",12.2,29%,48:52:00,"University of California, San Diego","Other Health,Computer Science,Chemical Engineering,Physics & Astronomy,Economics & Econometrics,General Engineering,Politics & International Studies (incl Development Studies),Medicine & Dentistry,Biological Sciences,Sociology,History, Philosophy & Theology,Education,Mathematics & Statistics,Business & Management,Electrical & Electronic Engineering,Communication & Media Studies,Mechanical & Aerospace Engineering,Art, Performing Arts & Design,Chemistry,Accounting & Finance,Civil Engineering,Psychology,Languages, Literature & Linguistics,Geology, Environmental, Earth & Marine Sciences",FALSE,FALSE,
350,35,King’s College London,76,350,57.6,65,71.2,44,96.9,57,43.7,577,95.9,30,United Kingdom,"28,250",12,49%,62:38:00,King’s College London,"Accounting & Finance,Geography,Economics & Econometrics,Computer Science,Geology, Environmental, Earth & Marine Sciences,History, Philosophy & Theology,Languages, Literature & Linguistics,Chemistry,Other Health,Law,Archaeology,Psychology,Electrical & Electronic Engineering,Medicine & Dentistry,Mechanical & Aerospace Engineering,Communication & Media Studies,Education,Mathematics & Statistics,General Engineering,Biological Sciences,Sport Science,Sociology,Art, Performing Arts & Design,Politics & International Studies (incl Development Studies),Physics & Astronomy,Business & Management",FALSE,FALSE,
360,35,The University of Tokyo,76,360,86.9,13,90.3,17,58.2,623,88.1,88,42,836,Japan,"25,959",10.6,14%,,The University of Tokyo,"Economics & Econometrics,Geology, Environmental, Earth & Marine Sciences,Accounting & Finance,Chemical Engineering,Computer Science,Communication & Media Studies,Archaeology,General Engineering,Geography,Business & Management,Civil Engineering,Sport Science,Mechanical & Aerospace Engineering,Other Health,Physics & Astronomy,Biological Sciences,Law,Mathematics & Statistics,Languages, Literature & Linguistics,Veterinary Science,Electrical & Electronic Engineering,Medicine & Dentistry,History, Philosophy & Theology,Education,Politics & International Studies (incl Development Studies),Art, Performing Arts & Design,Agriculture & Forestry,Sociology,Architecture,Chemistry,Psychology",FALSE,FALSE,
370,37,University of British Columbia,75.8,370,61.6,54,74,37,89.4,150,47.4,453,94.9,45,Canada,"54,744",18.9,33%,55:45:00,University of British Columbia,"Psychology,Geography,Biological Sciences,General Engineering,Communication & Media Studies,Chemical Engineering,Mathematics & Statistics,Languages, Literature & Linguistics,Electrical & Electronic Engineering,Chemistry,Education,Civil Engineering,Other Health,Medicine & Dentistry,Accounting & Finance,Archaeology,Law,Geology, Environmental, Earth & Marine Sciences,Physics & Astronomy,Agriculture & Forestry,Economics & Econometrics,Politics & International Studies (incl Development Studies),Architecture,Art, Performing Arts & Design,Computer Science,Sport Science,Sociology,Mechanical & Aerospace Engineering,Business & Management,History, Philosophy & Theology",FALSE,FALSE,
380,38,Technical University of Munich,75.6,380,64.5,45,74.8,35,85.5,210,100,10,76.1,252,Germany,"32,672",38.7,33%,37 : 63,Technical University of Munich,"Chemical Engineering,Chemistry,Mechanical & Aerospace Engineering,Politics & International Studies (incl Development Studies),Other Health,Geology, Environmental, Earth & Marine Sciences,Medicine & Dentistry,Biological Sciences,Electrical & Electronic Engineering,Accounting & Finance,Business & Management,Civil Engineering,Physics & Astronomy,Computer Science,Mathematics & Statistics,Education,Sport Science,Architecture,General Engineering,Agriculture & Forestry,Sociology",FALSE,FALSE,
390,39,Karolinska Institute,74.3,390,55.1,82,71,47,94.2,87,70.5,192,86.2,148,Sweden,"7,937",9.6,24%,69:31:00,Karolinska Institute,"Education,Psychology,Chemical Engineering,Other Health,Mathematics & Statistics,Medicine & Dentistry,Sociology,Languages, Literature & Linguistics,Biological Sciences,Geology, Environmental, Earth & Marine Sciences,Business & Management",FALSE,FALSE,
400,40,École Polytechnique Fédérale de Lausanne,74.1,400,63.8,48,67,56,85.5,209,74.9,157,98.3,11,Switzerland,"11,266",12.3,62%,29 : 71,École Polytechnique Fédérale de Lausanne,"Architecture,General Engineering,Chemistry,Computer Science,Electrical & Electronic Engineering,Biological Sciences,Chemical Engineering,Civil Engineering,Mathematics & Statistics,Physics & Astronomy,Economics & Econometrics,Mechanical & Aerospace Engineering",FALSE,FALSE,
410,40,Paris Sciences et Lettres – PSL Research University Paris,74.1,410,69.1,31,71.2,45,80.1,287,78.7,132,80.5,200,France,"20,547",15.1,25%,47:53:00,Paris Sciences et Lettres – PSL Research University Paris,"History, Philosophy & Theology,Art, Performing Arts & Design,Geology, Environmental, Earth & Marine Sciences,Archaeology,Chemistry,Accounting & Finance,Mechanical & Aerospace Engineering,Other Health,Politics & International Studies (incl Development Studies),Chemical Engineering,General Engineering,Communication & Media Studies,Languages, Literature & Linguistics,Law,Civil Engineering,Economics & Econometrics,Sociology,Electrical & Electronic Engineering,Mathematics & Statistics,Business & Management,Geography,Physics & Astronomy,Biological Sciences,Computer Science",FALSE,FALSE,
420,42,Universität Heidelberg,73.6,420,67.9,35,59.9,78,95.5,74,54.2,329,69.6,327,Germany,"19,530",13.9,19%,55:45:00,Universität Heidelberg,"History, Philosophy & Theology,Sport Science,Physics & Astronomy,Geology, Environmental, Earth & Marine Sciences,Law,Education,Mathematics & Statistics,Geography,Politics & International Studies (incl Development Studies),Computer Science,Economics & Econometrics,Other Health,Psychology,Chemistry,Sociology,Archaeology,Art, Performing Arts & Design,Biological Sciences,Languages, Literature & Linguistics,Medicine & Dentistry",FALSE,FALSE,
430,42,KU Leuven,73.6,430,59.1,61,73.2,40,86.2,201,99.2,26,74.2,264,Belgium,"46,327",36.3,16%,51:49:00,KU Leuven,"Electrical & Electronic Engineering,Chemistry,Accounting & Finance,Sport Science,Politics & International Studies (incl Development Studies),Chemical Engineering,Business & Management,Education,General Engineering,Psychology,Economics & Econometrics,Computer Science,Mechanical & Aerospace Engineering,Geography,Art, Performing Arts & Design,Physics & Astronomy,History, Philosophy & Theology,Other Health,Civil Engineering,Biological Sciences,Communication & Media Studies,Archaeology,Mathematics & Statistics,Languages, Literature & Linguistics,Sociology,Agriculture & Forestry,Architecture,Geology, Environmental, Earth & Marine Sciences,Law,Medicine & Dentistry",FALSE,FALSE,
440,44,McGill University,73.4,440,63.3,50,70.9,48,83.9,234,45.3,518,91.5,92,Canada,"31,581",12.6,32%,59:41:00,McGill University,"Accounting & Finance,Education,Biological Sciences,Art, Performing Arts & Design,Archaeology,Law,Politics & International Studies (incl Development Studies),Other Health,Computer Science,Mathematics & Statistics,Architecture,Languages, Literature & Linguistics,Civil Engineering,Psychology,Business & Management,Chemistry,Mechanical & Aerospace Engineering,Geology, Environmental, Earth & Marine Sciences,Economics & Econometrics,Medicine & Dentistry,Sport Science,Sociology,History, Philosophy & Theology,Chemical Engineering,Agriculture & Forestry,Geography,General Engineering,Physics & Astronomy,Electrical & Electronic Engineering,Communication & Media Studies",FALSE,FALSE,
450,45,Georgia Institute of Technology,73.3,450,58.2,63,69.4,53,91.4,124,71.4,183,77.7,232,United States,"27,838",25.7,25%,33 : 67,Georgia Institute of Technology,"Architecture,Computer Science,Business & Management,Chemistry,Economics & Econometrics,General Engineering,Geology, Environmental, Earth & Marine Sciences,Biological Sciences,Chemical Engineering,Mechanical & Aerospace Engineering,Politics & International Studies (incl Development Studies),Electrical & Electronic Engineering,Physics & Astronomy,History, Philosophy & Theology,Civil Engineering,Languages, Literature & Linguistics,Sociology,Accounting & Finance,Geography,Psychology,Art, Performing Arts & Design,Mathematics & Statistics",FALSE,FALSE,
460,46,"Nanyang Technological University, Singapore",73,460,57.2,68,70.3,49,85.1,216,87,92,93.9,59,Singapore,"23,951",14.7,24%,48:52:00,"Nanyang Technological University, Singapore NTU Nan yang","Civil Engineering,Economics & Econometrics,Psychology,Education,Sport Science,Sociology,Politics & International Studies (incl Development Studies),Accounting & Finance,Electrical & Electronic Engineering,Biological Sciences,Geology, Environmental, Earth & Marine Sciences,Medicine & Dentistry,Languages, Literature & Linguistics,Business & Management,Mechanical & Aerospace Engineering,Chemistry,Communication & Media Studies,Other Health,Computer Science,General Engineering,Physics & Astronomy,Chemical Engineering,Mathematics & Statistics,Art, Performing Arts & Design,History, Philosophy & Theology",FALSE,FALSE,
470,47,University of Texas at Austin,72.9,470,67.9,36,71.5,43,89.4,153,50.1,393,39.8,899,United States,"49,845",16.7,10%,53:47:00,University of Texas at Austin,"Architecture,Business & Management,Law,Communication & Media Studies,Biological Sciences,Economics & Econometrics,Psychology,Education,Sport Science,History, Philosophy & Theology,Computer Science,Physics & Astronomy,Archaeology,Medicine & Dentistry,Electrical & Electronic Engineering,Sociology,General Engineering,Languages, Literature & Linguistics,Politics & International Studies (incl Development Studies),Art, Performing Arts & Design,Chemical Engineering,Mathematics & Statistics,Accounting & Finance,Mechanical & Aerospace Engineering,Geography,Civil Engineering,Geology, Environmental, Earth & Marine Sciences,Other Health,Chemistry",FALSE,FALSE,
480,48,University of Illinois at Urbana-Champaign,72.6,480,65.7,43,77.3,33,80.9,270,50,395,55.4,531,United States,"47,202",18.3,23%,48:52:00,University of Illinois at Urbana-Champaign,"Art, Performing Arts & Design,Computer Science,Archaeology,General Engineering,Communication & Media Studies,Geology, Environmental, Earth & Marine Sciences,Economics & Econometrics,Law,Architecture,Mechanical & Aerospace Engineering,Mathematics & Statistics,Chemical Engineering,Business & Management,Geography,History, Philosophy & Theology,Other Health,Sport Science,Psychology,Medicine & Dentistry,Agriculture & Forestry,Politics & International Studies (incl Development Studies),Chemistry,Electrical & Electronic Engineering,Sociology,Languages, Literature & Linguistics,Education,Accounting & Finance,Civil Engineering,Veterinary Science,Biological Sciences,Physics & Astronomy",FALSE,FALSE,
490,49,Chinese University of Hong Kong,71.3,490,55.1,80,58.6,85,95,77,60.2,265,95,43,Hong Kong,"18,478",19.1,25%,,Chinese University of Hong Kong CUHK,"General Engineering,Education,Languages, Literature & Linguistics,Sport Science,Physics & Astronomy,Geography,Accounting & Finance,Other Health,Medicine & Dentistry,Economics & Econometrics,Psychology,Sociology,History, Philosophy & Theology,Geology, Environmental, Earth & Marine Sciences,Communication & Media Studies,Electrical & Electronic Engineering,Chemistry,Politics & International Studies (incl Development Studies),Mechanical & Aerospace Engineering,Mathematics & Statistics,Architecture,Business & Management,Art, Performing Arts & Design,Law,Computer Science,Biological Sciences",FALSE,FALSE,
500,50,University of Manchester,71.2,500,56.4,74,65,62,89.1,159,45.6,504,92.4,82,United Kingdom,"36,545",14.3,43%,54:46:00,University of Manchester,"Archaeology,Chemical Engineering,Psychology,Languages, Literature & Linguistics,General Engineering,Geography,Education,Mechanical & Aerospace Engineering,Sociology,History, Philosophy & Theology,Electrical & Electronic Engineering,Communication & Media Studies,Business & Management,Chemistry,Computer Science,Biological Sciences,Architecture,Medicine & Dentistry,Mathematics & Statistics,Economics & Econometrics,Law,Civil Engineering,Physics & Astronomy,Accounting & Finance,Art, Performing Arts & Design,Politics & International Studies (incl Development Studies),Other Health,Geology, Environmental, Earth & Marine Sciences",FALSE,FALSE,
10,1,University of Oxford,96.4,10,92.3,5,99.7,1,99,28,74.9,158,96.2,28,United Kingdom,"20,965",10.6,42%,48:52:00,University of Oxford,"Accounting & Finance,General Engineering,Communication & Media Studies,Biological Sciences,Art, Performing Arts & Design,Other Health,Mathematics & Statistics,Education,Civil Engineering,Medicine & Dentistry,Politics & International Studies (incl Development Studies),Languages, Literature & Linguistics,Electrical & Electronic Engineering,Physics & Astronomy,Economics & Econometrics,Law,Sociology,Business & Management,Mechanical & Aerospace Engineering,Geography,History, Philosophy & Theology,Computer Science,Chemistry,Chemical Engineering,Psychology,Archaeology,Geology, Environmental, Earth & Marine Sciences",FALSE,FALSE,
20,2,Harvard University,95.2,20,94.8,1,99,3,99.3,20,49.5,418,80.5,214,United States,"21,887",9.6,25%,50:50:00,Harvard University,"Mathematics & Statistics,Civil Engineering,Languages, Literature & Linguistics,Art, Performing Arts & Design,Business & Management,General Engineering,Geography,Archaeology,Geology, Environmental, Earth & Marine Sciences,Computer Science,Chemistry,Sociology,Mechanical & Aerospace Engineering,Accounting & Finance,Other Health,Electrical & Electronic Engineering,Politics & International Studies (incl Development Studies),Agriculture & Forestry,Psychology,Economics & Econometrics,Communication & Media Studies,Biological Sciences,Architecture,Medicine & Dentistry,Law,Physics & Astronomy,Education,History, Philosophy & Theology",FALSE,FALSE,
30,3,University of Cambridge,94.8,30,90.9,7,99.5,2,97,61,54.2,335,95.8,34,United Kingdom,"20,185",11.3,39%,47:53:00,University of Cambridge,"Business & Management,General Engineering,Art, Performing Arts & Design,Chemical Engineering,Archaeology,Education,Chemistry,Architecture,Other Health,Veterinary Science,Sociology,Medicine & Dentistry,Mechanical & Aerospace Engineering,Psychology,Languages, Literature & Linguistics,Electrical & Electronic Engineering,Geography,Accounting & Finance,Biological Sciences,Computer Science,Politics & International Studies (incl Development Studies),Economics & Econometrics,Law,Geology, Environmental, Earth & Marine Sciences,History, Philosophy & Theology,Civil Engineering,Physics & Astronomy,Mathematics & Statistics",FALSE,FALSE,
40,3,Stanford University,94.8,40,94.2,2,96.7,7,99.8,16,65,232,79.8,223,United States,"16,164",7.1,24%,46:54:00,Stanford University,"Physics & Astronomy,Computer Science,Politics & International Studies (incl Development Studies),Art, Performing Arts & Design,Geology, Environmental, Earth & Marine Sciences,Agriculture & Forestry,Medicine & Dentistry,Education,Communication & Media Studies,Chemistry,Mechanical & Aerospace Engineering,Languages, Literature & Linguistics,History, Philosophy & Theology,Psychology,Mathematics & Statistics,Biological Sciences,Sociology,Law,Accounting & Finance,Business & Management,Archaeology,General Engineering,Civil Engineering,Chemical Engineering,Other Health,Economics & Econometrics,Electrical & Electronic Engineering,Veterinary Science",FALSE,FALSE,
50,5,Massachusetts Institute of Technology,94.2,50,90.7,8,93.6,11,99.8,15,90.9,62,89.3,119,United States,"11,415",8.2,33%,40 : 60,Massachusetts Institute of Technology,"Mathematics & Statistics,Languages, Literature & Linguistics,Physics & Astronomy,History, Philosophy & Theology,Other Health,General Engineering,Biological Sciences,Computer Science,Architecture,Geology, Environmental, Earth & Marine Sciences,Psychology,Mechanical & Aerospace Engineering,Art, Performing Arts & Design,Chemistry,Chemical Engineering,Business & Management,Accounting & Finance,Electrical & Electronic Engineering,Communication & Media Studies,Archaeology,Civil Engineering,Economics & Econometrics,Politics & International Studies (incl Development Studies)",FALSE,FALSE,
60,6,California Institute of Technology,94.1,60,90.9,6,97,5,97.3,55,89.8,69,83.6,176,United States,"2,237",6.2,34%,37 : 63,California Institute of Technology caltech,"Languages, Literature & Linguistics,Economics & Econometrics,Civil Engineering,Mathematics & Statistics,General Engineering,Electrical & Electronic Engineering,Geology, Environmental, Earth & Marine Sciences,Computer Science,Politics & International Studies (incl Development Studies),Physics & Astronomy,Chemical Engineering,Business & Management,Biological Sciences,History, Philosophy & Theology,Chemistry,Mechanical & Aerospace Engineering",FALSE,FALSE,
70,7,Princeton University,92.4,70,87.6,12,95.9,8,99.1,25,66,221,80.3,215,United States,"8,279",8,23%,46:54:00,Princeton University,"Languages, Literature & Linguistics,Biological Sciences,Other Health,Psychology,Sociology,Mechanical & Aerospace Engineering,Computer Science,Politics & International Studies (incl Development Studies),Economics & Econometrics,Chemistry,Chemical Engineering,Mathematics & Statistics,History, Philosophy & Theology,Civil Engineering,Physics & Astronomy,Architecture,Agriculture & Forestry,General Engineering,Art, Performing Arts & Design,Electrical & Electronic Engineering,Geology, Environmental, Earth & Marine Sciences",FALSE,FALSE,
80,8,"University of California, Berkeley",92.1,80,86.4,14,95.8,9,99,27,76.8,145,78.4,238,United States,"40,921",18.4,24%,52:48:00,"University of California, Berkeley","Communication & Media Studies,Education,Civil Engineering,Languages, Literature & Linguistics,Mathematics & Statistics,History, Philosophy & Theology,Agriculture & Forestry,Psychology,Economics & Econometrics,Mechanical & Aerospace Engineering,Geography,Chemical Engineering,Business & Management,Archaeology,Law,Physics & Astronomy,Politics & International Studies (incl Development Studies),Architecture,Biological Sciences,Sociology,Geology, Environmental, Earth & Marine Sciences,Computer Science,Electrical & Electronic Engineering,Art, Performing Arts & Design,Chemistry,General Engineering,Other Health",FALSE,FALSE,
90,9,Yale University,91.4,90,92.6,3,92.7,14,97,66,55,323,70.9,335,United States,"13,482",5.9,21%,52:48:00,Yale University,"Economics & Econometrics,Medicine & Dentistry,Mathematics & Statistics,Politics & International Studies (incl Development Studies),Other Health,Accounting & Finance,Architecture,Law,Art, Performing Arts & Design,Mechanical & Aerospace Engineering,Agriculture & Forestry,History, Philosophy & Theology,General Engineering,Electrical & Electronic Engineering,Chemistry,Physics & Astronomy,Archaeology,Biological Sciences,Computer Science,Psychology,Business & Management,Chemical Engineering,Languages, Literature & Linguistics,Geology, Environmental, Earth & Marine Sciences,Sociology",FALSE,FALSE,
100,10,Imperial College London,90.4,100,82.8,16,90.8,17,98.3,40,59.8,274,97.5,17,United Kingdom,"18,545",11.2,61%,40 : 60,Imperial College London,"Mechanical & Aerospace Engineering,General Engineering,Mathematics & Statistics,Medicine & Dentistry,Chemical Engineering,Physics & Astronomy,Geology, Environmental, Earth & Marine Sciences,Computer Science,Chemistry,Civil Engineering,Other Health,Electrical & Electronic Engineering,Biological Sciences",FALSE,FALSE,
110,11,Columbia University,89.4,110,89.4,10,87.7,21,97.1,57,44.8,569,79.9,219,United States,"21,781",4.5,38%,,Columbia University,"Politics & International Studies (incl Development Studies),Economics & Econometrics,Communication & Media Studies,Civil Engineering,Geology, Environmental, Earth & Marine Sciences,Art, Performing Arts & Design,Mathematics & Statistics,Accounting & Finance,Agriculture & Forestry,Sport Science,Architecture,General Engineering,Chemical Engineering,Psychology,Law,Languages, Literature & Linguistics,Electrical & Electronic Engineering,History, Philosophy & Theology,Sociology,Computer Science,Chemistry,Archaeology,Other Health,Mechanical & Aerospace Engineering,Medicine & Dentistry,Biological Sciences,Physics & Astronomy,Business & Management",FALSE,FALSE,
120,11,ETH Zurich,89.4,120,82.6,17,95.4,10,90.7,135,59.1,279,97.7,14,Switzerland,"21,665",14.8,41%,33 : 67,ETH Zurich,"Mathematics & Statistics,Mechanical & Aerospace Engineering,Accounting & Finance,Chemical Engineering,Economics & Econometrics,Politics & International Studies (incl Development Studies),General Engineering,Business & Management,Electrical & Electronic Engineering,Physics & Astronomy,Civil Engineering,Agriculture & Forestry,Medicine & Dentistry,Other Health,Sport Science,Geology, Environmental, Earth & Marine Sciences,Computer Science,Biological Sciences,Architecture,Education,Chemistry",FALSE,FALSE,
130,13,The University of Chicago,88.9,130,86.5,13,88.8,19,97.7,49,56.2,303,74.2,283,United States,"15,366",6,36%,47:53:00,The University of Chicago,"Business & Management,Physics & Astronomy,Economics & Econometrics,Psychology,Accounting & Finance,Law,Politics & International Studies (incl Development Studies),Chemical Engineering,Sociology,Archaeology,Computer Science,Art, Performing Arts & Design,Geography,Biological Sciences,Languages, Literature & Linguistics,Geology, Environmental, Earth & Marine Sciences,History, Philosophy & Theology,Mathematics & Statistics,Medicine & Dentistry,Chemistry",FALSE,FALSE,
140,14,University of Pennsylvania,88.8,140,86,15,88.8,20,97,65,75.8,151,71.5,327,United States,"21,453",6.3,23%,53:47:00,University of Pennsylvania,"Economics & Econometrics,Archaeology,Medicine & Dentistry,Geography,Accounting & Finance,Geology, Environmental, Earth & Marine Sciences,Law,Veterinary Science,Sociology,Biological Sciences,Psychology,Civil Engineering,Computer Science,Sport Science,Languages, Literature & Linguistics,Mathematics & Statistics,Communication & Media Studies,Agriculture & Forestry,Other Health,Business & Management,Mechanical & Aerospace Engineering,Politics & International Studies (incl Development Studies),Chemistry,Electrical & Electronic Engineering,Art, Performing Arts & Design,Chemical Engineering,Education,Architecture,Physics & Astronomy,General Engineering,History, Philosophy & Theology",FALSE,FALSE,
150,15,Johns Hopkins University,88.3,150,79.4,21,91.5,15,97,64,89.5,73,75.3,266,United States,"17,584",4.7,29%,53:47:00,Johns Hopkins University,"Sociology,General Engineering,Politics & International Studies (incl Development Studies),Electrical & Electronic Engineering,Accounting & Finance,Archaeology,Psychology,Biological Sciences,Art, Performing Arts & Design,Business & Management,Civil Engineering,Geology, Environmental, Earth & Marine Sciences,Medicine & Dentistry,Economics & Econometrics,Chemical Engineering,Education,Languages, Literature & Linguistics,Chemistry,Other Health,Physics & Astronomy,Computer Science,Mathematics & Statistics,Mechanical & Aerospace Engineering,History, Philosophy & Theology",FALSE,FALSE,
160,16,Tsinghua University,88.2,160,90.1,9,97.4,4,88,182,100,9,40.3,951,China,"38,324",11.6,10%,,Tsinghua University Qinghua University Tsing hua University Qing hua University,"Economics & Econometrics,Languages, Literature & Linguistics,Art, Performing Arts & Design,Geography,Education,Other Health,Communication & Media Studies,Sociology,Accounting & Finance,Architecture,Chemistry,Chemical Engineering,History, Philosophy & Theology,Physics & Astronomy,Mechanical & Aerospace Engineering,General Engineering,Business & Management,Medicine & Dentistry,Civil Engineering,Psychology,Electrical & Electronic Engineering,Mathematics & Statistics,Geology, Environmental, Earth & Marine Sciences,Sport Science,Computer Science,Archaeology,Politics & International Studies (incl Development Studies),Law,Biological Sciences",FALSE,FALSE,
170,17,Peking University,88.1,170,92.5,4,96.7,6,80.4,308,91.8,60,65,409,China,"31,994",10.3,19%,,Peking University,"Other Health,Physics & Astronomy,Business & Management,Psychology,Education,Biological Sciences,Medicine & Dentistry,Communication & Media Studies,Art, Performing Arts & Design,General Engineering,Chemistry,Languages, Literature & Linguistics,Mathematics & Statistics,Computer Science,Sociology,Archaeology,Accounting & Finance,Law,Geography,Economics & Econometrics,Mechanical & Aerospace Engineering,Politics & International Studies (incl Development Studies),History, Philosophy & Theology,Electrical & Electronic Engineering,Geology, Environmental, Earth & Marine Sciences",FALSE,FALSE,
180,18,University of Toronto,87.4,180,77.3,25,93.3,12,92.8,113,65.5,225,89.7,115,Canada,"77,468",25.8,26%,56:44:00,University of Toronto,"Politics & International Studies (incl Development Studies),Law,Education,Biological Sciences,Electrical & Electronic Engineering,Business & Management,Languages, Literature & Linguistics,General Engineering,Mathematics & Statistics,Accounting & Finance,Civil Engineering,Psychology,History, Philosophy & Theology,Mechanical & Aerospace Engineering,Geography,Economics & Econometrics,Chemistry,Communication & Media Studies,Archaeology,Medicine & Dentistry,Agriculture & Forestry,Geology, Environmental, Earth & Marine Sciences,Computer Science,Chemical Engineering,Sport Science,Sociology,Art, Performing Arts & Design,Physics & Astronomy,Other Health,Architecture",FALSE,FALSE,
190,19,National University of Singapore,87.1,190,76.4,26,93,13,90.2,148,87,86,94,63,Singapore,"32,337",19.8,25%,51:49:00,National University of Singapore nus,"Other Health,Sport Science,Accounting & Finance,Archaeology,Geology, Environmental, Earth & Marine Sciences,Communication & Media Studies,Physics & Astronomy,History, Philosophy & Theology,Psychology,Law,Agriculture & Forestry,General Engineering,Languages, Literature & Linguistics,Geography,Veterinary Science,Art, Performing Arts & Design,Business & Management,Politics & International Studies (incl Development Studies),Chemical Engineering,Computer Science,Electrical & Electronic Engineering,Economics & Econometrics,Chemistry,Mathematics & Statistics,Architecture,Sociology,Medicine & Dentistry,Biological Sciences,Civil Engineering,Mechanical & Aerospace Engineering",FALSE,FALSE,
200,20,Cornell University,85.9,200,80.2,20,86.1,22,97.3,56,40.4,905,76.9,252,United States,"24,027",10.3,26%,51:49:00,Cornell University,"Other Health,Biological Sciences,Psychology,Economics & Econometrics,Mathematics & Statistics,Languages, Literature & Linguistics,Electrical & Electronic Engineering,History, Philosophy & Theology,Sociology,Physics & Astronomy,Computer Science,Chemistry,Archaeology,Veterinary Science,Politics & International Studies (incl Development Studies),General Engineering,Chemical Engineering,Law,Architecture,Civil Engineering,Geology, Environmental, Earth & Marine Sciences,Mechanical & Aerospace Engineering,Art, Performing Arts & Design,Agriculture & Forestry,Business & Management,Communication & Media Studies",FALSE,FALSE,
210,21,"University of California, Los Angeles",85.8,210,80.4,19,88.9,18,95.4,86,58.8,284,65,406,United States,"42,434",9.7,16%,56:44:00,"University of California, Los Angeles","Chemical Engineering,Psychology,Biological Sciences,Mechanical & Aerospace Engineering,Medicine & Dentistry,General Engineering,Communication & Media Studies,Agriculture & Forestry,Business & Management,Politics & International Studies (incl Development Studies),Accounting & Finance,Art, Performing Arts & Design,History, Philosophy & Theology,Computer Science,Chemistry,Sociology,Languages, Literature & Linguistics,Sport Science,Other Health,Civil Engineering,Geology, Environmental, Earth & Marine Sciences,Archaeology,Mathematics & Statistics,Education,Economics & Econometrics,Geography,Architecture,Physics & Astronomy,Electrical & Electronic Engineering,Law,Veterinary Science",FALSE,FALSE,
220,22,UCL,85.7,220,74.5,29,85.4,23,97.9,46,44.5,587,96.7,23,United Kingdom,"36,790",10.3,60%,59:41:00,UCL ucl UCL,"Archaeology,Chemical Engineering,Geology, Environmental, Earth & Marine Sciences,History, Philosophy & Theology,Civil Engineering,Physics & Astronomy,Education,Psychology,Computer Science,Mathematics & Statistics,Architecture,Chemistry,Medicine & Dentistry,General Engineering,Economics & Econometrics,Law,Geography,Business & Management,Mechanical & Aerospace Engineering,Politics & International Studies (incl Development Studies),Art, Performing Arts & Design,Languages, Literature & Linguistics,Biological Sciences,Communication & Media Studies,Other Health,Electrical & Electronic Engineering,Sociology",FALSE,FALSE,
230,23,University of Michigan-Ann Arbor,82.9,230,79.3,22,84.6,24,93.6,103,48.7,437,59.2,497,United States,"45,912",8.2,17%,50:50:00,University of Michigan-Ann Arbor,"Chemistry,Architecture,Agriculture & Forestry,Languages, Literature & Linguistics,Psychology,Sociology,Law,Computer Science,Chemical Engineering,Other Health,Archaeology,Mathematics & Statistics,Politics & International Studies (incl Development Studies),History, Philosophy & Theology,Civil Engineering,Electrical & Electronic Engineering,Art, Performing Arts & Design,Mechanical & Aerospace Engineering,Physics & Astronomy,Economics & Econometrics,General Engineering,Medicine & Dentistry,Education,Accounting & Finance,Biological Sciences,Sport Science,Business & Management,Communication & Media Studies,Geology, Environmental, Earth & Marine Sciences",FALSE,FALSE,
240,24,New York University,82.7,240,74.2,30,84,25,95,93,44.6,580,74.7,277,United States,"36,337",9.8,42%,57:43:00,New York University,"Politics & International Studies (incl Development Studies),Mechanical & Aerospace Engineering,Physics & Astronomy,Medicine & Dentistry,Communication & Media Studies,Law,Art, Performing Arts & Design,Business & Management,Chemical Engineering,General Engineering,Computer Science,Accounting & Finance,Mathematics & Statistics,Sociology,Electrical & Electronic Engineering,Languages, Literature & Linguistics,Archaeology,Economics & Econometrics,Biological Sciences,Education,Geology, Environmental, Earth & Marine Sciences,Other Health,Architecture,Psychology,Civil Engineering,Chemistry,History, Philosophy & Theology",FALSE,FALSE,
250,25,Duke University,82.6,250,78.1,23,76.2,37,95.7,83,99.6,17,68,366,United States,"16,091",4.2,24%,52:48:00,Duke University,"Medicine & Dentistry,Psychology,Other Health,Biological Sciences,Computer Science,Agriculture & Forestry,Politics & International Studies (incl Development Studies),History, Philosophy & Theology,Languages, Literature & Linguistics,Communication & Media Studies,Accounting & Finance,General Engineering,Sociology,Business & Management,Civil Engineering,Chemistry,Mechanical & Aerospace Engineering,Physics & Astronomy,Art, Performing Arts & Design,Economics & Econometrics,Electrical & Electronic Engineering,Mathematics & Statistics,Geology, Environmental, Earth & Marine Sciences,Law",FALSE,FALSE,
260,26,Northwestern University,82.1,260,71.7,32,80.7,30,97.5,52,85,94,67,382,United States,"19,175",13.2,20%,51:49:00,Northwestern University,"Computer Science,Geography,Physics & Astronomy,Languages, Literature & Linguistics,Business & Management,Biological Sciences,Chemical Engineering,Geology, Environmental, Earth & Marine Sciences,Politics & International Studies (incl Development Studies),Accounting & Finance,Mathematics & Statistics,Civil Engineering,Sociology,Education,General Engineering,History, Philosophy & Theology,Architecture,Economics & Econometrics,Mechanical & Aerospace Engineering,Communication & Media Studies,Medicine & Dentistry,Law,Psychology,Art, Performing Arts & Design,Electrical & Electronic Engineering,Chemistry,Other Health",FALSE,FALSE,
270,26,University of Washington,82.1,270,71.6,33,82.8,27,98.9,29,53.9,340,63,438,United States,"47,727",10.8,18%,55:45:00,University of Washington,"Psychology,History, Philosophy & Theology,Other Health,Chemistry,Languages, Literature & Linguistics,General Engineering,Chemical Engineering,Physics & Astronomy,Agriculture & Forestry,Computer Science,Biological Sciences,Archaeology,Education,Veterinary Science,Politics & International Studies (incl Development Studies),Accounting & Finance,Mechanical & Aerospace Engineering,Communication & Media Studies,Economics & Econometrics,Mathematics & Statistics,Architecture,Medicine & Dentistry,Electrical & Electronic Engineering,Sociology,Art, Performing Arts & Design,Civil Engineering,Geology, Environmental, Earth & Marine Sciences,Business & Management,Law,Geography",FALSE,FALSE,
280,28,Carnegie Mellon University,81.1,280,65.4,46,81.8,29,98.7,31,55.2,318,80.1,216,United States,"14,305",12.9,47%,44:56:00,Carnegie Mellon University,"Accounting & Finance,Communication & Media Studies,Languages, Literature & Linguistics,Computer Science,Politics & International Studies (incl Development Studies),Civil Engineering,Business & Management,Economics & Econometrics,Mechanical & Aerospace Engineering,History, Philosophy & Theology,Biological Sciences,Art, Performing Arts & Design,Electrical & Electronic Engineering,Mathematics & Statistics,Chemical Engineering,Chemistry,Physics & Astronomy,Psychology,Architecture",FALSE,FALSE,
290,29,University of Edinburgh,79.8,290,66.9,42,74.5,44,97.1,58,40.9,852,95.6,37,United Kingdom,"32,845",11.8,47%,62:38:00,University of Edinburgh,"Computer Science,Business & Management,Politics & International Studies (incl Development Studies),Accounting & Finance,Electrical & Electronic Engineering,Mathematics & Statistics,Veterinary Science,Archaeology,Physics & Astronomy,General Engineering,History, Philosophy & Theology,Mechanical & Aerospace Engineering,Architecture,Chemistry,Sport Science,Other Health,Sociology,Geography,Languages, Literature & Linguistics,Art, Performing Arts & Design,Civil Engineering,Education,Geology, Environmental, Earth & Marine Sciences,Medicine & Dentistry,Law,Chemical Engineering,Economics & Econometrics,Psychology,Biological Sciences",FALSE,FALSE,
300,30,Technical University of Munich,79.3,300,69.8,34,82.2,28,84.5,241,100,8,77.7,241,Germany,"33,960",40.6,36%,37 : 63,Technical University of Munich,"Chemical Engineering,Chemistry,Mechanical & Aerospace Engineering,Politics & International Studies (incl Development Studies),Other Health,Geology, Environmental, Earth & Marine Sciences,Medicine & Dentistry,Biological Sciences,Electrical & Electronic Engineering,Accounting & Finance,Business & Management,Civil Engineering,Physics & Astronomy,Computer Science,Mathematics & Statistics,Education,Sport Science,Architecture,General Engineering,Agriculture & Forestry,Sociology",FALSE,FALSE,
310,31,University of Hong Kong,78.5,310,65.6,45,74.1,46,92.4,115,60.6,268,98.7,8,Hong Kong,"18,087",18.2,43%,54:46:00,University of Hong Kong,"Agriculture & Forestry,Art, Performing Arts & Design,Electrical & Electronic Engineering,Languages, Literature & Linguistics,Physics & Astronomy,Business & Management,Geography,Medicine & Dentistry,Biological Sciences,Other Health,Communication & Media Studies,Mathematics & Statistics,Accounting & Finance,Education,Law,Mechanical & Aerospace Engineering,Architecture,Psychology,Economics & Econometrics,Chemistry,General Engineering,History, Philosophy & Theology,Civil Engineering,Politics & International Studies (incl Development Studies),Geology, Environmental, Earth & Marine Sciences,Computer Science,Sociology",FALSE,FALSE,
320,32,"University of California, San Diego",78.1,320,60.2,55,77.2,35,98.2,42,93,54,67.8,372,United States,"37,030",11.3,28%,48:52:00,"University of California, San Diego","Other Health,Computer Science,Chemical Engineering,Physics & Astronomy,Economics & Econometrics,General Engineering,Politics & International Studies (incl Development Studies),Medicine & Dentistry,Biological Sciences,Sociology,History, Philosophy & Theology,Education,Mathematics & Statistics,Business & Management,Electrical & Electronic Engineering,Communication & Media Studies,Mechanical & Aerospace Engineering,Art, Performing Arts & Design,Chemistry,Accounting & Finance,Civil Engineering,Psychology,Languages, Literature & Linguistics,Geology, Environmental, Earth & Marine Sciences",FALSE,FALSE,
330,33,LMU Munich,77.7,330,67.3,36,78.3,33,87.4,199,100,4,70.5,339,Germany,"35,003",34.2,19%,61:39:00,LMU Munich Ludwig-Maximilians-Universität München,"Psychology,Education,Computer Science,Business & Management,Law,Sociology,Medicine & Dentistry,Mathematics & Statistics,History, Philosophy & Theology,Biological Sciences,Geography,Other Health,Archaeology,Physics & Astronomy,Art, Performing Arts & Design,Chemistry,Communication & Media Studies,Economics & Econometrics,Geology, Environmental, Earth & Marine Sciences,Languages, Literature & Linguistics,Veterinary Science,Politics & International Studies (incl Development Studies)",FALSE,FALSE,
340,34,University of Melbourne,77.6,340,67.1,40,75.9,40,85.8,225,78.1,130,93.6,72,Australia,"49,588",23.8,47%,58:42:00,University of Melbourne UniMelb Australia,"Art, Performing Arts & Design,Sociology,Medicine & Dentistry,Agriculture & Forestry,Sport Science,Law,Geology, Environmental, Earth & Marine Sciences,Economics & Econometrics,Languages, Literature & Linguistics,Computer Science,Physics & Astronomy,Electrical & Electronic Engineering,History, Philosophy & Theology,Geography,Chemical Engineering,Politics & International Studies (incl Development Studies),Education,Business & Management,Psychology,Biological Sciences,Archaeology,Mechanical & Aerospace Engineering,Veterinary Science,Communication & Media Studies,Other Health,Mathematics & Statistics,General Engineering,Accounting & Finance,Architecture,Chemistry,Civil Engineering",FALSE,FALSE,
350,35,King’s College London,77.1,350,58,70,72.9,50,98.2,43,45.6,537,96.1,29,United Kingdom,"28,965",11.8,52%,63:37:00,King’s College London,"Accounting & Finance,Geography,Economics & Econometrics,Computer Science,Geology, Environmental, Earth & Marine Sciences,History, Philosophy & Theology,Languages, Literature & Linguistics,Chemistry,Other Health,Law,Archaeology,Psychology,Electrical & Electronic Engineering,Medicine & Dentistry,Mechanical & Aerospace Engineering,Communication & Media Studies,Education,Mathematics & Statistics,General Engineering,Biological Sciences,Sport Science,Sociology,Art, Performing Arts & Design,Politics & International Studies (incl Development Studies),Physics & Astronomy,Business & Management",FALSE,FALSE,
360,36,"Nanyang Technological University, Singapore",77,360,60.9,52,77.9,34,87.2,201,84.5,96,94.5,53,Singapore,"24,651",15.1,25%,48:52:00,"Nanyang Technological University, Singapore NTU Nan yang","Civil Engineering,Economics & Econometrics,Psychology,Education,Sport Science,Sociology,Politics & International Studies (incl Development Studies),Accounting & Finance,Electrical & Electronic Engineering,Biological Sciences,Geology, Environmental, Earth & Marine Sciences,Medicine & Dentistry,Languages, Literature & Linguistics,Business & Management,Mechanical & Aerospace Engineering,Chemistry,Communication & Media Studies,Other Health,Computer Science,General Engineering,Physics & Astronomy,Chemical Engineering,Mathematics & Statistics,Art, Performing Arts & Design,History, Philosophy & Theology",FALSE,FALSE,
370,37,London School of Economics and Political Science,76.5,370,59.2,61,74.3,45,95.1,90,37.8,1349,92.8,84,United Kingdom,"11,120",11.9,73%,55:45:00,London School of Economics and Political Science,"History, Philosophy & Theology,Mathematics & Statistics,Geography,Psychology,Accounting & Finance,Geology, Environmental, Earth & Marine Sciences,Communication & Media Studies,Economics & Econometrics,Languages, Literature & Linguistics,Politics & International Studies (incl Development Studies),Business & Management,Sociology,Law",FALSE,FALSE,
380,38,Georgia Institute of Technology,76,380,60.2,56,75.9,39,91.4,127,64.9,234,81.2,205,United States,"28,826",24.7,40%,33 : 67,Georgia Institute of Technology,"Architecture,Computer Science,Business & Management,Chemistry,Economics & Econometrics,General Engineering,Geology, Environmental, Earth & Marine Sciences,Biological Sciences,Chemical Engineering,Mechanical & Aerospace Engineering,Politics & International Studies (incl Development Studies),Electrical & Electronic Engineering,Physics & Astronomy,History, Philosophy & Theology,Civil Engineering,Languages, Literature & Linguistics,Sociology,Accounting & Finance,Geography,Psychology,Art, Performing Arts & Design,Mathematics & Statistics",FALSE,FALSE,
390,39,The University of Tokyo,75.9,390,88.1,11,91.4,16,55.5,754,86.7,87,43.3,860,Japan,"26,112",10.5,15%,,The University of Tokyo,"Economics & Econometrics,Geology, Environmental, Earth & Marine Sciences,Accounting & Finance,Chemical Engineering,Computer Science,Communication & Media Studies,Archaeology,General Engineering,Geography,Business & Management,Civil Engineering,Sport Science,Mechanical & Aerospace Engineering,Other Health,Physics & Astronomy,Biological Sciences,Law,Mathematics & Statistics,Languages, Literature & Linguistics,Veterinary Science,Electrical & Electronic Engineering,Medicine & Dentistry,History, Philosophy & Theology,Education,Politics & International Studies (incl Development Studies),Art, Performing Arts & Design,Agriculture & Forestry,Sociology,Architecture,Chemistry,Psychology",FALSE,FALSE,
400,40,University of British Columbia,75.7,400,62.9,50,73.1,48,88.8,169,47.9,459,94.8,47,Canada,"56,452",18.9,34%,55:45:00,University of British Columbia,"Psychology,Geography,Biological Sciences,General Engineering,Communication & Media Studies,Chemical Engineering,Mathematics & Statistics,Languages, Literature & Linguistics,Electrical & Electronic Engineering,Chemistry,Education,Civil Engineering,Other Health,Medicine & Dentistry,Accounting & Finance,Archaeology,Law,Geology, Environmental, Earth & Marine Sciences,Physics & Astronomy,Agriculture & Forestry,Economics & Econometrics,Politics & International Studies (incl Development Studies),Architecture,Art, Performing Arts & Design,Computer Science,Sport Science,Sociology,Mechanical & Aerospace Engineering,Business & Management,History, Philosophy & Theology",FALSE,FALSE,
410,41,École Polytechnique Fédérale de Lausanne,75.4,410,65.6,44,70.7,53,84.5,239,71.7,182,98,12,Switzerland,"11,641",12.3,62%,30 : 70,École Polytechnique Fédérale de Lausanne,"Architecture,General Engineering,Chemistry,Computer Science,Electrical & Electronic Engineering,Biological Sciences,Chemical Engineering,Civil Engineering,Mathematics & Statistics,Physics & Astronomy,Economics & Econometrics,Mechanical & Aerospace Engineering",FALSE,FALSE,
420,42,KU Leuven,74.6,420,59.7,59,74.9,42,86.7,207,99.2,21,76.8,253,Belgium,"47,663",36.5,18%,51:49:00,KU Leuven,"Electrical & Electronic Engineering,Chemistry,Accounting & Finance,Sport Science,Politics & International Studies (incl Development Studies),Chemical Engineering,Business & Management,Education,General Engineering,Psychology,Economics & Econometrics,Computer Science,Mechanical & Aerospace Engineering,Geography,Art, Performing Arts & Design,Physics & Astronomy,History, Philosophy & Theology,Other Health,Civil Engineering,Biological Sciences,Communication & Media Studies,Archaeology,Mathematics & Statistics,Languages, Literature & Linguistics,Sociology,Agriculture & Forestry,Architecture,Geology, Environmental, Earth & Marine Sciences,Law,Medicine & Dentistry",FALSE,FALSE,
430,43,Universität Heidelberg,74.1,430,67.2,38,61.5,75,96,78,55.7,308,71.2,331,Germany,"19,347",13.5,21%,55:45:00,Universität Heidelberg,"History, Philosophy & Theology,Sport Science,Physics & Astronomy,Geology, Environmental, Earth & Marine Sciences,Law,Education,Mathematics & Statistics,Geography,Politics & International Studies (incl Development Studies),Computer Science,Economics & Econometrics,Other Health,Psychology,Chemistry,Sociology,Archaeology,Art, Performing Arts & Design,Biological Sciences,Languages, Literature & Linguistics,Medicine & Dentistry",FALSE,FALSE,
440,44,Monash University,73.6,440,56.9,72,68.7,57,90.4,140,78.4,128,91,103,Australia,"58,725",42.5,41%,57:43:00,Monash University,"Economics & Econometrics,Sport Science,Art, Performing Arts & Design,Geography,Mechanical & Aerospace Engineering,History, Philosophy & Theology,Civil Engineering,Physics & Astronomy,Education,Communication & Media Studies,Architecture,Medicine & Dentistry,Law,Politics & International Studies (incl Development Studies),Other Health,Biological Sciences,Sociology,Accounting & Finance,Mathematics & Statistics,Electrical & Electronic Engineering,Business & Management,Chemical Engineering,Psychology,Archaeology,Computer Science,Chemistry,Languages, Literature & Linguistics,General Engineering,Geology, Environmental, Earth & Marine Sciences",FALSE,FALSE,
450,45,Chinese University of Hong Kong,73.2,450,59.1,62,61.1,77,95.7,82,60.9,264,92.5,88,Hong Kong,"18,468",19,21%,,Chinese University of Hong Kong CUHK,"General Engineering,Education,Languages, Literature & Linguistics,Sport Science,Physics & Astronomy,Geography,Accounting & Finance,Other Health,Medicine & Dentistry,Economics & Econometrics,Psychology,Sociology,History, Philosophy & Theology,Geology, Environmental, Earth & Marine Sciences,Communication & Media Studies,Electrical & Electronic Engineering,Chemistry,Politics & International Studies (incl Development Studies),Mechanical & Aerospace Engineering,Mathematics & Statistics,Architecture,Business & Management,Art, Performing Arts & Design,Law,Computer Science,Biological Sciences",FALSE,FALSE,
460,46,McGill University,73,460,62,51,72.4,52,82.5,274,43.5,644,91,101,Canada,"32,309",12.5,30%,60:40:00,McGill University,"Accounting & Finance,Education,Biological Sciences,Art, Performing Arts & Design,Archaeology,Law,Politics & International Studies (incl Development Studies),Other Health,Computer Science,Mathematics & Statistics,Architecture,Languages, Literature & Linguistics,Civil Engineering,Psychology,Business & Management,Chemistry,Mechanical & Aerospace Engineering,Geology, Environmental, Earth & Marine Sciences,Economics & Econometrics,Medicine & Dentistry,Sport Science,Sociology,History, Philosophy & Theology,Chemical Engineering,Agriculture & Forestry,Geography,General Engineering,Physics & Astronomy,Electrical & Electronic Engineering,Communication & Media Studies",FALSE,FALSE,
470,47,Paris Sciences et Lettres – PSL Research University Paris,72.9,470,68.2,35,73.5,47,75.5,400,78.8,125,76.3,262,France,"16,218",15,22%,51:49:00,Paris Sciences et Lettres – PSL Research University Paris,"History, Philosophy & Theology,Art, Performing Arts & Design,Geology, Environmental, Earth & Marine Sciences,Archaeology,Chemistry,Accounting & Finance,Mechanical & Aerospace Engineering,Other Health,Politics & International Studies (incl Development Studies),Chemical Engineering,General Engineering,Communication & Media Studies,Languages, Literature & Linguistics,Law,Civil Engineering,Economics & Econometrics,Sociology,Electrical & Electronic Engineering,Mathematics & Statistics,Business & Management,Geography,Physics & Astronomy,Biological Sciences,Computer Science",FALSE,FALSE,
480,48,University of Illinois at Urbana-Champaign,72.7,480,67.1,39,78.9,32,78.1,359,50.1,407,56.2,550,United States,"48,674",17.4,22%,48:52:00,University of Illinois at Urbana-Champaign,"Art, Performing Arts & Design,Computer Science,Archaeology,General Engineering,Communication & Media Studies,Geology, Environmental, Earth & Marine Sciences,Economics & Econometrics,Law,Architecture,Mechanical & Aerospace Engineering,Mathematics & Statistics,Chemical Engineering,Business & Management,Geography,History, Philosophy & Theology,Other Health,Sport Science,Psychology,Medicine & Dentistry,Agriculture & Forestry,Politics & International Studies (incl Development Studies),Chemistry,Electrical & Electronic Engineering,Sociology,Languages, Literature & Linguistics,Education,Accounting & Finance,Civil Engineering,Veterinary Science,Biological Sciences,Physics & Astronomy",FALSE,FALSE,
490,49,Karolinska Institute,72.4,490,51.1,103,68.8,56,94,98,66.4,218,87.3,148,Sweden,"8,021",9.9,27%,70:30:00,Karolinska Institute,"Education,Psychology,Chemical Engineering,Other Health,Mathematics & Statistics,Medicine & Dentistry,Sociology,Languages, Literature & Linguistics,Biological Sciences,Geology, Environmental, Earth & Marine Sciences,Business & Management",FALSE,FALSE,
500,50,University of Texas at Austin,72.3,500,66.2,43,73.1,49,87.5,195,51.3,383,40.1,957,United States,"49,171",17.4,10%,53:47:00,University of Texas at Austin,"Architecture,Business & Management,Law,Communication & Media Studies,Biological Sciences,Economics & Econometrics,Psychology,Education,Sport Science,History, Philosophy & Theology,Computer Science,Physics & Astronomy,Archaeology,Medicine & Dentistry,Electrical & Electronic Engineering,Sociology,General Engineering,Languages, Literature & Linguistics,Politics & International Studies (incl Development Studies),Art, Performing Arts & Design,Chemical Engineering,Mathematics & Statistics,Accounting & Finance,Mechanical & Aerospace Engineering,Geography,Civil Engineering,Geology, Environmental, Earth & Marine Sciences,Other Health,Chemistry",FALSE,FALSE,
10,1,University of Oxford,98.5,10,96.6,5,100,2,99,5,98.7,77,97.5,14,United Kingdom,"21,750",10.9,42%,49:51:00,23%,University of Oxford,"Geography,Chemistry,Chemical Engineering,Biological Sciences,General Engineering,Computer Science,Art, Performing Arts & Design,Communication & Media Studies,Electrical & Electronic Engineering,Law,Economics & Econometrics,Geology, Environmental, Earth & Marine Sciences,Politics & International Studies (incl Development Studies),History, Philosophy & Theology,Medicine & Dentistry,Languages, Literature & Linguistics,Business & Management,Accounting & Finance,Mechanical & Aerospace Engineering,Mathematics & Statistics,Physics & Astronomy,Psychology,Other Health,Archaeology,Sociology,Civil Engineering,Education",FALSE,FALSE
20,2,Stanford University,98,20,99,1,97.8,8,99.6,2,100,25,87,168,United States,"14,517",6.4,23%,47:53:00,22%,Stanford University,"Computer Science,Communication & Media Studies,Electrical & Electronic Engineering,Mathematics & Statistics,Education,Medicine & Dentistry,Civil Engineering,Politics & International Studies (incl Development Studies),History, Philosophy & Theology,Veterinary Science,Economics & Econometrics,Other Health,Geology, Environmental, Earth & Marine Sciences,Accounting & Finance,Mechanical & Aerospace Engineering,Chemistry,Sociology,Art, Performing Arts & Design,Chemical Engineering,Business & Management,General Engineering,Physics & Astronomy,Archaeology,Agriculture & Forestry,Law,Languages, Literature & Linguistics,Biological Sciences,Psychology",FALSE,FALSE
30,3,Massachusetts Institute of Technology,97.9,30,98.6,2,96.2,11,99.7,1,100,16,93.8,66,United States,"11,085",8,33%,41:59:00,40%,Massachusetts Institute of Technology,"Architecture,Economics & Econometrics,Archaeology,Biological Sciences,Languages, Literature & Linguistics,Mechanical & Aerospace Engineering,Psychology,Politics & International Studies (incl Development Studies),History, Philosophy & Theology,Mathematics & Statistics,Civil Engineering,Geology, Environmental, Earth & Marine Sciences,General Engineering,Art, Performing Arts & Design,Other Health,Physics & Astronomy,Computer Science,Accounting & Finance,Chemical Engineering,Business & Management,Electrical & Electronic Engineering,Communication & Media Studies,Chemistry",FALSE,FALSE
40,4,Harvard University,97.8,40,97.7,3,99.9,3,99.4,3,84.2,216,90.8,120,United States,"20,050",9,25%,51:49:00,12%,Harvard University,"Sociology,Architecture,Physics & Astronomy,Psychology,Mechanical & Aerospace Engineering,Law,Electrical & Electronic Engineering,Medicine & Dentistry,Communication & Media Studies,Mathematics & Statistics,History, Philosophy & Theology,Languages, Literature & Linguistics,Agriculture & Forestry,Education,Computer Science,Business & Management,Geography,Accounting & Finance,Politics & International Studies (incl Development Studies),Chemistry,Archaeology,Art, Performing Arts & Design,Other Health,Biological Sciences,Geology, Environmental, Earth & Marine Sciences,Economics & Econometrics,General Engineering,Civil Engineering",FALSE,FALSE
50,5,University of Cambridge,97.5,50,95.8,7,100,1,98,12,87.9,180,97.4,15,United Kingdom,"20,565",11.5,38%,48:52:00,27%,University of Cambridge,"Politics & International Studies (incl Development Studies),Biological Sciences,Business & Management,Civil Engineering,Geology, Environmental, Earth & Marine Sciences,Mathematics & Statistics,Psychology,General Engineering,Physics & Astronomy,Chemical Engineering,Chemistry,Economics & Econometrics,History, Philosophy & Theology,Computer Science,Accounting & Finance,Education,Veterinary Science,Electrical & Electronic Engineering,Geography,Other Health,Architecture,Art, Performing Arts & Design,Law,Mechanical & Aerospace Engineering,Sociology,Medicine & Dentistry,Archaeology,Languages, Literature & Linguistics",FALSE,FALSE
60,6,Princeton University,96.9,60,96.3,6,97.9,7,98.8,7,95.1,118,89.1,136,United States,"7,753",7.3,23%,47:53:00,43%,Princeton University,"History, Philosophy & Theology,Agriculture & Forestry,Economics & Econometrics,Languages, Literature & Linguistics,Architecture,Sociology,General Engineering,Geology, Environmental, Earth & Marine Sciences,Other Health,Chemistry,Mechanical & Aerospace Engineering,Physics & Astronomy,Civil Engineering,Mathematics & Statistics,Electrical & Electronic Engineering,Biological Sciences,Computer Science,Politics & International Studies (incl Development Studies),Art, Performing Arts & Design,Chemical Engineering,Psychology",FALSE,FALSE
70,7,California Institute of Technology,96.5,70,96.6,4,98,6,95.9,38,100,2,90.6,124,United States,"2,240",6.1,33%,37 : 63,49%,California Institute of Technology caltech,"Computer Science,Chemistry,Chemical Engineering,Mathematics & Statistics,Physics & Astronomy,Economics & Econometrics,Languages, Literature & Linguistics,General Engineering,Geology, Environmental, Earth & Marine Sciences,History, Philosophy & Theology,Politics & International Studies (incl Development Studies),Mechanical & Aerospace Engineering,Civil Engineering,Biological Sciences,Electrical & Electronic Engineering,Business & Management",FALSE,FALSE
80,8,Imperial College London,95.1,80,90.9,12,95.5,12,98.6,8,90.9,157,98.3,6,United Kingdom,"20,275",11.8,61%,42:58:00,28%,Imperial College London,"Computer Science,Mechanical & Aerospace Engineering,Chemical Engineering,Physics & Astronomy,Other Health,Mathematics & Statistics,Electrical & Electronic Engineering,Chemistry,Medicine & Dentistry,General Engineering,Geology, Environmental, Earth & Marine Sciences,Biological Sciences,Civil Engineering",FALSE,FALSE
90,9,"University of California, Berkeley",94.6,90,87.2,18,98.8,4,99,4,99.4,63,86.8,172,United States,"39,991",17.9,22%,52:48:00,36%,"University of California, Berkeley","Chemistry,Electrical & Electronic Engineering,Geology, Environmental, Earth & Marine Sciences,Computer Science,Mathematics & Statistics,Archaeology,History, Philosophy & Theology,Law,Agriculture & Forestry,Education,Communication & Media Studies,Other Health,Art, Performing Arts & Design,Civil Engineering,Mechanical & Aerospace Engineering,Psychology,Languages, Literature & Linguistics,Politics & International Studies (incl Development Studies),Chemical Engineering,Architecture,Geography,Economics & Econometrics,Biological Sciences,Sociology,General Engineering,Physics & Astronomy,Business & Management",FALSE,FALSE
100,10,Yale University,94.2,100,94,10,94.9,13,97.7,18,86.5,192,82.4,217,United States,"11,924",5.2,21%,51:49:00,13%,Yale University,"Law,Computer Science,Electrical & Electronic Engineering,Chemical Engineering,Economics & Econometrics,Accounting & Finance,Archaeology,Mechanical & Aerospace Engineering,Business & Management,Medicine & Dentistry,Mathematics & Statistics,Art, Performing Arts & Design,Architecture,Sociology,Politics & International Studies (incl Development Studies),Biological Sciences,Agriculture & Forestry,Geology, Environmental, Earth & Marine Sciences,History, Philosophy & Theology,Languages, Literature & Linguistics,General Engineering,Physics & Astronomy,Chemistry,Other Health,Psychology",FALSE,FALSE
110,11,ETH Zurich,93.1,110,87.6,16,96.8,10,95.6,41,82.9,229,95.6,36,Switzerland,"22,619",15.4,43%,33 : 67,43%,ETH Zurich,"Mechanical & Aerospace Engineering,Education,Agriculture & Forestry,Mathematics & Statistics,Chemical Engineering,Accounting & Finance,Electrical & Electronic Engineering,Business & Management,Medicine & Dentistry,Economics & Econometrics,Other Health,Chemistry,Architecture,Civil Engineering,Sport Science,Biological Sciences,Geology, Environmental, Earth & Marine Sciences,Computer Science,Physics & Astronomy,General Engineering,Politics & International Studies (incl Development Studies)",FALSE,FALSE
120,12,Tsinghua University,92.4,120,95.3,9,98.1,5,93.2,73,99.9,38,51.7,752,China,"38,518",11.2,10%,,42%,Tsinghua University Qinghua University Tsing hua University Qing hua University,"Mechanical & Aerospace Engineering,Sociology,Architecture,Civil Engineering,Politics & International Studies (incl Development Studies),Other Health,Chemistry,Accounting & Finance,Archaeology,Physics & Astronomy,Business & Management,Electrical & Electronic Engineering,Geography,Medicine & Dentistry,Chemical Engineering,Psychology,History, Philosophy & Theology,Mathematics & Statistics,Law,Languages, Literature & Linguistics,Biological Sciences,Education,General Engineering,Geology, Environmental, Earth & Marine Sciences,Economics & Econometrics,Art, Performing Arts & Design,Computer Science,Sport Science,Communication & Media Studies",FALSE,FALSE
130,13,The University of Chicago,92.1,130,89.6,13,91.2,19,97.6,20,93.8,129,82.3,220,United States,"15,792",6.2,36%,47:53:00,29%,The University of Chicago,"Chemistry,Languages, Literature & Linguistics,Biological Sciences,Economics & Econometrics,Medicine & Dentistry,Law,Archaeology,Sociology,Geology, Environmental, Earth & Marine Sciences,Business & Management,Art, Performing Arts & Design,Politics & International Studies (incl Development Studies),Physics & Astronomy,Chemical Engineering,Computer Science,Psychology,History, Philosophy & Theology,Mathematics & Statistics,Accounting & Finance",FALSE,FALSE
140,14,Peking University,91.8,140,95.6,8,97.3,9,87.2,172,98.8,72,70.2,405,China,"33,064",10.9,14%,,33%,Peking University,"History, Philosophy & Theology,Geology, Environmental, Earth & Marine Sciences,Computer Science,Politics & International Studies (incl Development Studies),Archaeology,Communication & Media Studies,Business & Management,Other Health,Physics & Astronomy,Economics & Econometrics,Mechanical & Aerospace Engineering,Sociology,Medicine & Dentistry,Chemistry,Accounting & Finance,Languages, Literature & Linguistics,Mathematics & Statistics,Education,Art, Performing Arts & Design,Electrical & Electronic Engineering,Law,General Engineering,Geography,Biological Sciences,Psychology",FALSE,FALSE
150,15,Johns Hopkins University,91.1,150,84.4,23,92.3,17,97.2,27,100,11,84.2,199,United States,"15,772",4.1,28%,56:44:00,15%,Johns Hopkins University,"Civil Engineering,Geology, Environmental, Earth & Marine Sciences,Art, Performing Arts & Design,Computer Science,Physics & Astronomy,Business & Management,Archaeology,Mathematics & Statistics,Sociology,Other Health,Economics & Econometrics,General Engineering,Psychology,Mechanical & Aerospace Engineering,Chemistry,History, Philosophy & Theology,Chemical Engineering,Education,Biological Sciences,Accounting & Finance,Medicine & Dentistry,Languages, Literature & Linguistics,Electrical & Electronic Engineering,Politics & International Studies (incl Development Studies)",FALSE,FALSE
160,16,University of Pennsylvania,91,160,87.7,15,89.7,21,97.6,23,97.7,90,78.8,269,United States,"21,312",6.2,22%,54:46:00,13%,University of Pennsylvania,"Other Health,Physics & Astronomy,Accounting & Finance,General Engineering,Mathematics & Statistics,Economics & Econometrics,Languages, Literature & Linguistics,Biological Sciences,Sociology,Archaeology,Geology, Environmental, Earth & Marine Sciences,History, Philosophy & Theology,Architecture,Geography,Art, Performing Arts & Design,Mechanical & Aerospace Engineering,Politics & International Studies (incl Development Studies),Psychology,Electrical & Electronic Engineering,Chemistry,Medicine & Dentistry,Veterinary Science,Education,Chemical Engineering,Law,Business & Management,Computer Science,Communication & Media Studies",FALSE,FALSE
170,17,Columbia University,90.9,170,88.6,14,89.7,20,97.4,25,75.2,332,86.9,169,United States,"25,914",5.2,35%,,23%,Columbia University,"Accounting & Finance,Chemical Engineering,Psychology,Computer Science,Sport Science,Architecture,Medicine & Dentistry,Physics & Astronomy,Economics & Econometrics,Civil Engineering,Art, Performing Arts & Design,Chemistry,Biological Sciences,General Engineering,Languages, Literature & Linguistics,Politics & International Studies (incl Development Studies),Archaeology,Sociology,Law,Electrical & Electronic Engineering,Communication & Media Studies,Business & Management,Other Health,Mathematics & Statistics,Agriculture & Forestry,Mechanical & Aerospace Engineering,History, Philosophy & Theology,Geology, Environmental, Earth & Marine Sciences",FALSE,FALSE
180,18,"University of California, Los Angeles",90.1,180,85.7,19,91.9,18,96.4,34,92.3,143,74.3,342,United States,"42,634",9.6,15%,56:44:00,21%,"University of California, Los Angeles","Electrical & Electronic Engineering,Veterinary Science,Mechanical & Aerospace Engineering,Geology, Environmental, Earth & Marine Sciences,Psychology,Archaeology,Art, Performing Arts & Design,Chemistry,Chemical Engineering,Medicine & Dentistry,Education,Law,Biological Sciences,Sport Science,Mathematics & Statistics,Economics & Econometrics,History, Philosophy & Theology,Communication & Media Studies,Civil Engineering,Other Health,Business & Management,Politics & International Studies (incl Development Studies),Geography,Accounting & Finance,Physics & Astronomy,Agriculture & Forestry,Sociology,Architecture,Languages, Literature & Linguistics,Computer Science,General Engineering",FALSE,FALSE
190,19,National University of Singapore,90,190,78.8,25,94,16,95.4,47,100,19,91.1,117,Singapore,"33,334",20,24%,49:51:00,28%,National University of Singapore nus,"Computer Science,Geology, Environmental, Earth & Marine Sciences,Business & Management,History, Philosophy & Theology,Civil Engineering,Geography,Archaeology,Sociology,Mechanical & Aerospace Engineering,Biological Sciences,Accounting & Finance,Architecture,Mathematics & Statistics,Psychology,Electrical & Electronic Engineering,Politics & International Studies (incl Development Studies),General Engineering,Chemistry,Economics & Econometrics,Art, Performing Arts & Design,Medicine & Dentistry,Agriculture & Forestry,Law,Other Health,Physics & Astronomy,Languages, Literature & Linguistics,Chemical Engineering,Communication & Media Studies",FALSE,FALSE
200,20,Cornell University,89.5,200,85.7,20,88.7,22,97.6,22,69.4,447,86,176,United States,"23,620",10,24%,51:49:00,25%,Cornell University,"Electrical & Electronic Engineering,History, Philosophy & Theology,Agriculture & Forestry,Chemistry,Biological Sciences,Economics & Econometrics,Business & Management,Civil Engineering,Architecture,Law,Archaeology,Mathematics & Statistics,Psychology,Veterinary Science,Sociology,Mechanical & Aerospace Engineering,Geology, Environmental, Earth & Marine Sciences,Art, Performing Arts & Design,Other Health,General Engineering,Politics & International Studies (incl Development Studies),Computer Science,Languages, Literature & Linguistics,Chemical Engineering,Communication & Media Studies,Physics & Astronomy",FALSE,FALSE
210,21,University of Toronto,88.6,210,77.5,28,94.1,15,92.8,81,96.1,103,90.7,123,Canada,"79,282",25.8,27%,56:44:00,17%,University of Toronto,"Art, Performing Arts & Design,Civil Engineering,Economics & Econometrics,Sport Science,Accounting & Finance,Politics & International Studies (incl Development Studies),Mathematics & Statistics,Geography,Other Health,Computer Science,Psychology,Electrical & Electronic Engineering,History, Philosophy & Theology,General Engineering,Law,Sociology,Languages, Literature & Linguistics,Business & Management,Geology, Environmental, Earth & Marine Sciences,Biological Sciences,Architecture,Mechanical & Aerospace Engineering,Communication & Media Studies,Chemical Engineering,Physics & Astronomy,Medicine & Dentistry,Chemistry,Education,Archaeology,Agriculture & Forestry",FALSE,FALSE
220,22,UCL,88.1,220,78.4,26,86.4,24,98.6,9,75.2,335,97.9,8,United Kingdom,"41,110",11.3,61%,59:41:00,21%,UCL ucl UCL,"Medicine & Dentistry,Sport Science,Law,General Engineering,Physics & Astronomy,Mathematics & Statistics,Communication & Media Studies,Languages, Literature & Linguistics,Civil Engineering,Politics & International Studies (incl Development Studies),Business & Management,Computer Science,Education,Architecture,Electrical & Electronic Engineering,Psychology,Other Health,Sociology,Biological Sciences,Geography,History, Philosophy & Theology,Art, Performing Arts & Design,Chemical Engineering,Geology, Environmental, Earth & Marine Sciences,Economics & Econometrics,Archaeology,Mechanical & Aerospace Engineering,Chemistry",FALSE,FALSE
230,23,University of Michigan-Ann Arbor,87.4,230,84.7,22,87.4,23,95.5,45,80.7,255,69,422,United States,"45,783",8.1,16%,51:49:00,22%,University of Michigan-Ann Arbor,"Chemical Engineering,Accounting & Finance,Archaeology,Economics & Econometrics,Sociology,Psychology,Mathematics & Statistics,Physics & Astronomy,Politics & International Studies (incl Development Studies),Sport Science,Biological Sciences,Agriculture & Forestry,Civil Engineering,Electrical & Electronic Engineering,History, Philosophy & Theology,General Engineering,Business & Management,Education,Mechanical & Aerospace Engineering,Languages, Literature & Linguistics,Geology, Environmental, Earth & Marine Sciences,Computer Science,Architecture,Chemistry,Medicine & Dentistry,Other Health,Art, Performing Arts & Design,Communication & Media Studies,Law",FALSE,FALSE
240,24,Carnegie Mellon University,86.3,240,75,32,84.6,26,98.9,6,87.3,182,85.5,185,United States,"13,562",11.9,44%,44:56:00,43%,Carnegie Mellon University,"Art, Performing Arts & Design,Civil Engineering,Economics & Econometrics,Biological Sciences,Languages, Literature & Linguistics,Chemistry,Electrical & Electronic Engineering,Communication & Media Studies,Architecture,Chemical Engineering,Computer Science,Psychology,Mechanical & Aerospace Engineering,Business & Management,Politics & International Studies (incl Development Studies),Accounting & Finance,Mathematics & Statistics,History, Philosophy & Theology,Physics & Astronomy",FALSE,FALSE
250,25,University of Washington,85.3,250,78,27,83.5,29,98.2,11,77.6,294,73.2,363,United States,"49,486",10.1,16%,56:44:00,20%,University of Washington,"Languages, Literature & Linguistics,Economics & Econometrics,Architecture,Art, Performing Arts & Design,Psychology,Mathematics & Statistics,General Engineering,Civil Engineering,History, Philosophy & Theology,Archaeology,Chemical Engineering,Education,Other Health,Law,Medicine & Dentistry,Mechanical & Aerospace Engineering,Sociology,Agriculture & Forestry,Chemistry,Geography,Accounting & Finance,Veterinary Science,Business & Management,Computer Science,Physics & Astronomy,Communication & Media Studies,Politics & International Studies (incl Development Studies),Geology, Environmental, Earth & Marine Sciences,Biological Sciences,Electrical & Electronic Engineering",FALSE,FALSE
260,26,Duke University,83.9,260,79.3,24,76.1,41,96.2,36,100,6,74.8,332,United States,"15,527",3.9,18%,52:48:00,15%,Duke University,"Mechanical & Aerospace Engineering,Agriculture & Forestry,Psychology,History, Philosophy & Theology,Mathematics & Statistics,Accounting & Finance,Art, Performing Arts & Design,Electrical & Electronic Engineering,Sociology,Civil Engineering,Physics & Astronomy,Economics & Econometrics,General Engineering,Geology, Environmental, Earth & Marine Sciences,Other Health,Law,Computer Science,Chemistry,Languages, Literature & Linguistics,Biological Sciences,Business & Management,Medicine & Dentistry,Politics & International Studies (incl Development Studies),Communication & Media Studies",FALSE,FALSE
270,27,New York University,83.5,270,73.2,36,84,28,94.9,49,75.4,330,80.7,246,United States,"48,461",11.8,42%,58:42:00,21%,New York University,"Medicine & Dentistry,Mathematics & Statistics,Sociology,Politics & International Studies (incl Development Studies),Mechanical & Aerospace Engineering,Archaeology,General Engineering,Art, Performing Arts & Design,Communication & Media Studies,Languages, Literature & Linguistics,Geology, Environmental, Earth & Marine Sciences,Business & Management,Electrical & Electronic Engineering,Physics & Astronomy,History, Philosophy & Theology,Economics & Econometrics,Biological Sciences,Chemistry,Other Health,Civil Engineering,Accounting & Finance,Psychology,Computer Science,Chemical Engineering,Education,Law,Architecture",FALSE,FALSE
280,28,Northwestern University,83.2,280,72.3,37,78.8,34,97.8,15,99.7,50,75.9,316,United States,"18,894",13.1,18%,52:48:00,18%,Northwestern University,"Civil Engineering,Medicine & Dentistry,Sport Science,Law,Economics & Econometrics,Archaeology,Mechanical & Aerospace Engineering,Geology, Environmental, Earth & Marine Sciences,Other Health,Communication & Media Studies,History, Philosophy & Theology,Mathematics & Statistics,Business & Management,Architecture,Biological Sciences,Geography,Languages, Literature & Linguistics,Chemical Engineering,Psychology,Computer Science,Chemistry,Accounting & Finance,General Engineering,Physics & Astronomy,Education,Art, Performing Arts & Design,Electrical & Electronic Engineering,Sociology,Politics & International Studies (incl Development Studies)",FALSE,FALSE
290,29,The University of Tokyo,83.1,290,93.9,11,94.2,14,67.8,608,100,27,49.7,814,Japan,"26,345",10.3,15%,,35%,The University of Tokyo,"Other Health,Biological Sciences,Geography,Mechanical & Aerospace Engineering,Geology, Environmental, Earth & Marine Sciences,General Engineering,Mathematics & Statistics,Psychology,Architecture,Electrical & Electronic Engineering,Chemistry,Languages, Literature & Linguistics,Veterinary Science,Law,Computer Science,Sport Science,Education,Medicine & Dentistry,Chemical Engineering,Politics & International Studies (incl Development Studies),Economics & Econometrics,Archaeology,Civil Engineering,Sociology,Business & Management,Art, Performing Arts & Design,Agriculture & Forestry,Communication & Media Studies,History, Philosophy & Theology,Physics & Astronomy,Accounting & Finance",FALSE,FALSE
300,30,University of Edinburgh,82.5,300,70.7,41,77.5,37,96.9,30,71.1,404,97,22,United Kingdom,"33,940",11.5,46%,61:39:00,24%,University of Edinburgh,"Physics & Astronomy,Biological Sciences,Mathematics & Statistics,Sport Science,Other Health,Education,Medicine & Dentistry,Business & Management,Chemical Engineering,Architecture,Economics & Econometrics,Politics & International Studies (incl Development Studies),Sociology,Civil Engineering,Computer Science,General Engineering,Geography,Languages, Literature & Linguistics,Mechanical & Aerospace Engineering,Chemistry,Veterinary Science,Accounting & Finance,Psychology,Geology, Environmental, Earth & Marine Sciences,History, Philosophy & Theology,Law,Art, Performing Arts & Design,Electrical & Electronic Engineering,Archaeology",FALSE,FALSE
310,30,Technical University of Munich,82.5,310,69.8,44,85.1,25,90,128,100,26,83.1,209,Germany,"35,506",44.4,39%,37 : 63,36%,Technical University of Munich,"Electrical & Electronic Engineering,Geology, Environmental, Earth & Marine Sciences,Architecture,Biological Sciences,Business & Management,General Engineering,Mathematics & Statistics,Civil Engineering,Education,Physics & Astronomy,Computer Science,Agriculture & Forestry,Sociology,Chemical Engineering,Accounting & Finance,Mechanical & Aerospace Engineering,Politics & International Studies (incl Development Studies),Medicine & Dentistry,Sport Science,Other Health,Chemistry",FALSE,FALSE
320,32,"Nanyang Technological University, Singapore",82.3,320,66.2,52,80.9,32,94.5,54,99.7,49,93.3,78,Singapore,"25,895",16.7,27%,49:51:00,38%,"Nanyang Technological University, Singapore NTU Nan yang","General Engineering,Chemistry,Psychology,Electrical & Electronic Engineering,Politics & International Studies (incl Development Studies),Medicine & Dentistry,Biological Sciences,Computer Science,Geology, Environmental, Earth & Marine Sciences,Education,Art, Performing Arts & Design,Sport Science,Sociology,Mechanical & Aerospace Engineering,Communication & Media Studies,Other Health,Mathematics & Statistics,Economics & Econometrics,Languages, Literature & Linguistics,Chemical Engineering,Business & Management,History, Philosophy & Theology,Civil Engineering,Physics & Astronomy,Accounting & Finance",FALSE,FALSE
330,33,École Polytechnique Fédérale de Lausanne,81.4,330,74.5,33,73.2,50,90.3,120,99.8,40,95.8,33,Switzerland,"12,543",13.5,64%,30 : 70,44%,École Polytechnique Fédérale de Lausanne,"Civil Engineering,Chemical Engineering,Electrical & Electronic Engineering,Biological Sciences,Chemistry,Mechanical & Aerospace Engineering,Architecture,Business & Management,Mathematics & Statistics,General Engineering,Computer Science,Physics & Astronomy",FALSE,FALSE
340,34,"University of California, San Diego",81,340,66,53,78.4,35,97.6,19,100,1,74.3,343,United States,"40,596",12,19%,45:55:00,21%,"University of California, San Diego","Other Health,Physics & Astronomy,General Engineering,Medicine & Dentistry,Geology, Environmental, Earth & Marine Sciences,Biological Sciences,Communication & Media Studies,Languages, Literature & Linguistics,Computer Science,Civil Engineering,Politics & International Studies (incl Development Studies),Art, Performing Arts & Design,Business & Management,Mathematics & Statistics,Chemical Engineering,Economics & Econometrics,Mechanical & Aerospace Engineering,Accounting & Finance,Chemistry,Electrical & Electronic Engineering,Psychology,Education,Sociology,History, Philosophy & Theology",FALSE,FALSE
350,35,University of Hong Kong,80.3,350,65.6,55,72.3,52,96.4,35,95.2,116,96.8,23,Hong Kong,"18,103",18.3,43%,55:45:00,36%,University of Hong Kong,"Law,Economics & Econometrics,Communication & Media Studies,Civil Engineering,Art, Performing Arts & Design,Psychology,Mathematics & Statistics,General Engineering,Politics & International Studies (incl Development Studies),Geography,Architecture,Mechanical & Aerospace Engineering,Accounting & Finance,Chemistry,Agriculture & Forestry,Electrical & Electronic Engineering,History, Philosophy & Theology,Other Health,Biological Sciences,Sociology,Geology, Environmental, Earth & Marine Sciences,Languages, Literature & Linguistics,Computer Science,Education,Business & Management,Medicine & Dentistry,Physics & Astronomy",FALSE,FALSE
360,36,Georgia Institute of Technology,80,360,63.4,63,78.9,33,94.1,57,94.6,123,84.8,191,United States,"32,079",28,29%,34 : 66,43%,Georgia Institute of Technology,"Chemical Engineering,Other Health,Languages, Literature & Linguistics,Physics & Astronomy,Politics & International Studies (incl Development Studies),Mechanical & Aerospace Engineering,Biological Sciences,Geography,Communication & Media Studies,Architecture,Art, Performing Arts & Design,Sociology,General Engineering,Computer Science,Geology, Environmental, Earth & Marine Sciences,Electrical & Electronic Engineering,Economics & Econometrics,Business & Management,Mathematics & Statistics,Chemistry,Psychology,Civil Engineering,History, Philosophy & Theology",FALSE,FALSE
370,37,University of Melbourne,79.2,370,64.8,57,76.4,40,90.1,126,98.3,84,92.7,90,Australia,"51,307",25.1,47%,58:42:00,18%,University of Melbourne UniMelb Australia,"Other Health,Economics & Econometrics,Biological Sciences,Electrical & Electronic Engineering,Civil Engineering,Accounting & Finance,Chemical Engineering,Mathematics & Statistics,Sociology,Archaeology,Computer Science,Geography,Languages, Literature & Linguistics,Law,Physics & Astronomy,General Engineering,Geology, Environmental, Earth & Marine Sciences,Art, Performing Arts & Design,Sport Science,Business & Management,History, Philosophy & Theology,Chemistry,Architecture,Education,Medicine & Dentistry,Veterinary Science,Agriculture & Forestry,Communication & Media Studies,Psychology,Politics & International Studies (incl Development Studies),Mechanical & Aerospace Engineering",FALSE,FALSE
380,38,King’s College London,79,380,59.8,74,75.1,47,97.7,17,74.2,347,97.5,13,United Kingdom,"32,835",13.9,53%,63:37:00,12%,King’s College London,"Medicine & Dentistry,Geology, Environmental, Earth & Marine Sciences,Education,Art, Performing Arts & Design,Physics & Astronomy,Business & Management,Mathematics & Statistics,Psychology,History, Philosophy & Theology,Electrical & Electronic Engineering,Sociology,Archaeology,General Engineering,Economics & Econometrics,Other Health,Chemistry,Law,Mechanical & Aerospace Engineering,Politics & International Studies (incl Development Studies),Sport Science,Geography,Languages, Literature & Linguistics,Biological Sciences,Accounting & Finance,Computer Science,Communication & Media Studies",FALSE,FALSE
390,38,LMU Munich,79,390,65.3,56,76.8,38,92.2,89,100,15,76.9,299,Germany,"34,622",33.5,18%,62:38:00,21%,LMU Munich Ludwig-Maximilians-Universität München,"Biological Sciences,Geography,Computer Science,Law,Veterinary Science,Sociology,History, Philosophy & Theology,Chemistry,Business & Management,Politics & International Studies (incl Development Studies),Medicine & Dentistry,Psychology,Archaeology,Physics & Astronomy,Economics & Econometrics,Art, Performing Arts & Design,Mathematics & Statistics,Communication & Media Studies,Other Health,Education,Languages, Literature & Linguistics,Geology, Environmental, Earth & Marine Sciences",FALSE,FALSE
400,40,Paris Sciences et Lettres – PSL Research University Paris,78.5,400,75.7,31,72.8,51,83.2,253,99.7,51,81.6,232,France,"16,120",15,22%,51:49:00,30%,Paris Sciences et Lettres – PSL Research University Paris,"Biological Sciences,Law,Languages, Literature & Linguistics,Chemical Engineering,Business & Management,Computer Science,Mathematics & Statistics,Economics & Econometrics,Mechanical & Aerospace Engineering,Chemistry,General Engineering,Geology, Environmental, Earth & Marine Sciences,Electrical & Electronic Engineering,Sociology,History, Philosophy & Theology,Physics & Astronomy,Accounting & Finance,Other Health,Politics & International Studies (incl Development Studies),Archaeology,Communication & Media Studies,Art, Performing Arts & Design,Civil Engineering,Geography",FALSE,FALSE
410,41,University of British Columbia,78,410,62.5,66,76.6,39,90.5,118,76.7,304,95,49,Canada,"58,987",19.4,34%,55:45:00,21%,University of British Columbia,"Business & Management,Economics & Econometrics,Geography,Education,Civil Engineering,Archaeology,Geology, Environmental, Earth & Marine Sciences,Computer Science,Communication & Media Studies,Art, Performing Arts & Design,Chemistry,Physics & Astronomy,Psychology,Mechanical & Aerospace Engineering,Accounting & Finance,Other Health,Agriculture & Forestry,History, Philosophy & Theology,Politics & International Studies (incl Development Studies),Biological Sciences,Languages, Literature & Linguistics,Sociology,Chemical Engineering,Electrical & Electronic Engineering,Law,Mathematics & Statistics,Sport Science,General Engineering,Architecture,Medicine & Dentistry",FALSE,FALSE
420,42,University of Illinois at Urbana-Champaign,77.9,420,69.5,45,81.5,31,85.2,206,85.3,206,64,503,United States,"50,250",19.6,23%,51:49:00,35%,University of Illinois at Urbana-Champaign,"Computer Science,Mathematics & Statistics,Education,Architecture,Chemical Engineering,Geology, Environmental, Earth & Marine Sciences,Economics & Econometrics,Electrical & Electronic Engineering,Physics & Astronomy,Accounting & Finance,Languages, Literature & Linguistics,Biological Sciences,Psychology,General Engineering,Chemistry,Business & Management,Art, Performing Arts & Design,Civil Engineering,Politics & International Studies (incl Development Studies),Archaeology,Veterinary Science,Law,Medicine & Dentistry,Sport Science,Sociology,History, Philosophy & Theology,Mechanical & Aerospace Engineering,Communication & Media Studies,Other Health,Agriculture & Forestry,Geography",FALSE,FALSE
430,43,Shanghai Jiao Tong University,77.7,430,76.6,29,82.5,30,75.4,433,100,24,60.6,573,China,"38,472",12.6,9%,37 : 63,31%,Shanghai Jiao Tong University SJTU,"Other Health,Medicine & Dentistry,Education,Business & Management,Mechanical & Aerospace Engineering,Languages, Literature & Linguistics,Chemistry,Biological Sciences,Psychology,History, Philosophy & Theology,Sociology,Communication & Media Studies,Politics & International Studies (incl Development Studies),Electrical & Electronic Engineering,Mathematics & Statistics,Law,Veterinary Science,Geology, Environmental, Earth & Marine Sciences,Civil Engineering,Art, Performing Arts & Design,Agriculture & Forestry,Computer Science,Economics & Econometrics,Chemical Engineering,Accounting & Finance,Sport Science,Architecture,General Engineering,Physics & Astronomy",FALSE,FALSE
440,44,Fudan University,77.5,440,76.5,30,75.3,43,83.5,246,96,104,56.1,659,China,"38,101",12.6,9%,52:48:00,24%,Fudan University,"Archaeology,Other Health,Physics & Astronomy,Economics & Econometrics,General Engineering,Law,Chemical Engineering,Electrical & Electronic Engineering,Chemistry,Accounting & Finance,Mathematics & Statistics,Business & Management,History, Philosophy & Theology,Communication & Media Studies,Mechanical & Aerospace Engineering,Education,Languages, Literature & Linguistics,Biological Sciences,Psychology,Computer Science,Sociology,Medicine & Dentistry,Geology, Environmental, Earth & Marine Sciences,Politics & International Studies (incl Development Studies)",FALSE,FALSE
450,45,KU Leuven,77,450,60.1,72,74.9,48,91.9,95,100,13,79.6,260,Belgium,"49,435",37.3,19%,52:48:00,23%,KU Leuven,"Other Health,Chemistry,Accounting & Finance,Architecture,Agriculture & Forestry,Geography,Electrical & Electronic Engineering,Communication & Media Studies,Languages, Literature & Linguistics,Sport Science,Psychology,History, Philosophy & Theology,Mechanical & Aerospace Engineering,Mathematics & Statistics,Business & Management,General Engineering,Politics & International Studies (incl Development Studies),Economics & Econometrics,Medicine & Dentistry,Physics & Astronomy,Law,Computer Science,Chemical Engineering,Sociology,Art, Performing Arts & Design,Civil Engineering,Geology, Environmental, Earth & Marine Sciences,Archaeology,Biological Sciences,Education",FALSE,FALSE
460,46,London School of Economics and Political Science,76.8,460,59.5,77,73.5,49,95.4,46,55.9,716,94.1,63,United Kingdom,"11,945",12.6,72%,56:44:00,15%,London School of Economics and Political Science,"History, Philosophy & Theology,Politics & International Studies (incl Development Studies),Geography,Economics & Econometrics,Accounting & Finance,Languages, Literature & Linguistics,Law,Sociology,Geology, Environmental, Earth & Marine Sciences,Psychology,Business & Management,Mathematics & Statistics,Communication & Media Studies",FALSE,FALSE
470,47,Universität Heidelberg,76.7,470,67.7,49,64.3,69,94.6,51,99.3,66,76.4,305,Germany,"19,315",13.3,20%,55:45:00,20%,Universität Heidelberg,"Archaeology,Geology, Environmental, Earth & Marine Sciences,Biological Sciences,Education,History, Philosophy & Theology,Geography,Other Health,Sociology,Mathematics & Statistics,Economics & Econometrics,Sport Science,Psychology,Computer Science,Law,Physics & Astronomy,Art, Performing Arts & Design,Medicine & Dentistry,Politics & International Studies (incl Development Studies),Languages, Literature & Linguistics,Chemistry",FALSE,FALSE
480,48,Delft University of Technology,76.3,480,66.7,51,78.2,36,76.5,405,100,5,92.8,86,Netherlands,"21,262",15.9,30%,31 : 69,50%,Delft University of Technology,"Mechanical & Aerospace Engineering,Education,Electrical & Electronic Engineering,Chemistry,Art, Performing Arts & Design,Chemical Engineering,Politics & International Studies (incl Development Studies),Computer Science,Physics & Astronomy,General Engineering,Mathematics & Statistics,Economics & Econometrics,Civil Engineering,Geology, Environmental, Earth & Marine Sciences,Agriculture & Forestry,Business & Management,Other Health,Sport Science,Architecture,Communication & Media Studies,History, Philosophy & Theology,Biological Sciences,Geography",FALSE,FALSE
490,49,McGill University,76,490,62.3,68,72.3,53,88.8,141,76.1,315,92.5,93,Canada,"30,821",11.9,29%,61:39:00,22%,McGill University,"Electrical & Electronic Engineering,Communication & Media Studies,Archaeology,Biological Sciences,Geography,Art, Performing Arts & Design,Civil Engineering,Politics & International Studies (incl Development Studies),Accounting & Finance,History, Philosophy & Theology,Sport Science,Law,Computer Science,Mathematics & Statistics,Education,Languages, Literature & Linguistics,General Engineering,Physics & Astronomy,Business & Management,Medicine & Dentistry,Agriculture & Forestry,Sociology,Mechanical & Aerospace Engineering,Geology, Environmental, Earth & Marine Sciences,Other Health,Chemistry,Economics & Econometrics,Architecture,Chemical Engineering,Psychology",FALSE,FALSE
500,50,Karolinska Institute,75.9,500,58.9,82,67.9,56,95.3,48,96,106,85.7,182,Sweden,"8,085",9.9,27%,70:30:00,4%,Karolinska Institute,"Medicine & Dentistry,Chemical Engineering,Other Health,Biological Sciences,Geology, Environmental, Earth & Marine Sciences,Mathematics & Statistics,Education,Sociology,Languages, Literature & Linguistics,Psychology,Business & Management",FALSE,FALSE
